<?xml version="1.0" encoding="UTF-8"?>
<gpx version="1.1" creator="BRouter" xmlns="http://www.topografix.com/GPX/1/1">
 <metadata><name>Day 4 - Pismo State Beach &gt; Nipomo &gt; Santa Maria &gt; Harris Grade &gt; O&apos;Cairns Inn Lompoc</name></metadata>
 <trk>
  <name>Day 4 - Pismo State Beach &gt; Nipomo &gt; Santa Maria &gt; Harris Grade &gt; O&apos;Cairns Inn Lompoc</name>
  <type>cycling</type>
  <trkseg>
   <trkpt lat="35.137548" lon="-120.639483"><ele>7.25</ele></trkpt>
   <trkpt lat="35.137544" lon="-120.639478"><ele>7.25</ele></trkpt>
   <trkpt lat="35.137201" lon="-120.639098"><ele>6.25</ele></trkpt>
   <trkpt lat="35.137045" lon="-120.638953"><ele>5.75</ele></trkpt>
   <trkpt lat="35.137000" lon="-120.638915"><ele>5.75</ele></trkpt>
   <trkpt lat="35.136685" lon="-120.638652"><ele>5.5</ele></trkpt>
   <trkpt lat="35.136462" lon="-120.638426"><ele>5.75</ele></trkpt>
   <trkpt lat="35.136327" lon="-120.638288"><ele>5.75</ele></trkpt>
   <trkpt lat="35.136309" lon="-120.638256"><ele>5.75</ele></trkpt>
   <trkpt lat="35.136294" lon="-120.638222"><ele>5.75</ele></trkpt>
   <trkpt lat="35.136278" lon="-120.638148"><ele>5.75</ele></trkpt>
   <trkpt lat="35.136283" lon="-120.638026"><ele>5.75</ele></trkpt>
   <trkpt lat="35.136289" lon="-120.637943"><ele>5.5</ele></trkpt>
   <trkpt lat="35.136150" lon="-120.637893"><ele>5.75</ele></trkpt>
   <trkpt lat="35.136016" lon="-120.637823"><ele>5.75</ele></trkpt>
   <trkpt lat="35.135952" lon="-120.637780"><ele>5.75</ele></trkpt>
   <trkpt lat="35.135860" lon="-120.637709"><ele>5.75</ele></trkpt>
   <trkpt lat="35.135683" lon="-120.637543"><ele>6.0</ele></trkpt>
   <trkpt lat="35.135167" lon="-120.636962"><ele>6.5</ele></trkpt>
   <trkpt lat="35.135044" lon="-120.636829"><ele>6.75</ele></trkpt>
   <trkpt lat="35.134268" lon="-120.635950"><ele>7.5</ele></trkpt>
   <trkpt lat="35.133420" lon="-120.635014"><ele>6.75</ele></trkpt>
   <trkpt lat="35.133354" lon="-120.634932"><ele>6.75</ele></trkpt>
   <trkpt lat="35.133015" lon="-120.634563"><ele>6.75</ele></trkpt>
   <trkpt lat="35.132407" lon="-120.633926"><ele>6.25</ele></trkpt>
   <trkpt lat="35.132248" lon="-120.633728"><ele>6.0</ele></trkpt>
   <trkpt lat="35.131578" lon="-120.632966"><ele>5.75</ele></trkpt>
   <trkpt lat="35.131501" lon="-120.632877"><ele>5.75</ele></trkpt>
   <trkpt lat="35.131315" lon="-120.632695"><ele>5.75</ele></trkpt>
   <trkpt lat="35.131045" lon="-120.632468"><ele>6.0</ele></trkpt>
   <trkpt lat="35.130810" lon="-120.632296"><ele>6.5</ele></trkpt>
   <trkpt lat="35.130627" lon="-120.632166"><ele>8.75</ele></trkpt>
   <trkpt lat="35.130233" lon="-120.632038"><ele>13.25</ele></trkpt>
   <trkpt lat="35.130020" lon="-120.631998"><ele>15.75</ele></trkpt>
   <trkpt lat="35.129479" lon="-120.631950"><ele>16.75</ele></trkpt>
   <trkpt lat="35.128388" lon="-120.631885"><ele>9.5</ele></trkpt>
   <trkpt lat="35.127116" lon="-120.631794"><ele>8.5</ele></trkpt>
   <trkpt lat="35.126598" lon="-120.631729"><ele>9.5</ele></trkpt>
   <trkpt lat="35.125903" lon="-120.631572"><ele>9.0</ele></trkpt>
   <trkpt lat="35.125295" lon="-120.631363"><ele>8.5</ele></trkpt>
   <trkpt lat="35.124934" lon="-120.631214"><ele>8.25</ele></trkpt>
   <trkpt lat="35.124734" lon="-120.631128"><ele>8.25</ele></trkpt>
   <trkpt lat="35.124143" lon="-120.630830"><ele>7.75</ele></trkpt>
   <trkpt lat="35.122658" lon="-120.630147"><ele>6.5</ele></trkpt>
   <trkpt lat="35.122178" lon="-120.629926"><ele>6.5</ele></trkpt>
   <trkpt lat="35.122090" lon="-120.629905"><ele>6.5</ele></trkpt>
   <trkpt lat="35.121976" lon="-120.629880"><ele>6.5</ele></trkpt>
   <trkpt lat="35.121899" lon="-120.629802"><ele>6.5</ele></trkpt>
   <trkpt lat="35.121895" lon="-120.629703"><ele>6.75</ele></trkpt>
   <trkpt lat="35.121884" lon="-120.629509"><ele>7.25</ele></trkpt>
   <trkpt lat="35.121880" lon="-120.629428"><ele>7.25</ele></trkpt>
   <trkpt lat="35.121877" lon="-120.629378"><ele>7.5</ele></trkpt>
   <trkpt lat="35.121858" lon="-120.629024"><ele>8.0</ele></trkpt>
   <trkpt lat="35.121852" lon="-120.628905"><ele>8.25</ele></trkpt>
   <trkpt lat="35.121851" lon="-120.628843"><ele>8.25</ele></trkpt>
   <trkpt lat="35.121849" lon="-120.628807"><ele>8.25</ele></trkpt>
   <trkpt lat="35.121831" lon="-120.628482"><ele>8.75</ele></trkpt>
   <trkpt lat="35.121826" lon="-120.628397"><ele>8.75</ele></trkpt>
   <trkpt lat="35.121800" lon="-120.627801"><ele>10.25</ele></trkpt>
   <trkpt lat="35.121796" lon="-120.627673"><ele>10.5</ele></trkpt>
   <trkpt lat="35.121792" lon="-120.627579"><ele>10.75</ele></trkpt>
   <trkpt lat="35.121748" lon="-120.626565"><ele>13.0</ele></trkpt>
   <trkpt lat="35.121743" lon="-120.626437"><ele>13.0</ele></trkpt>
   <trkpt lat="35.121737" lon="-120.626320"><ele>13.25</ele></trkpt>
   <trkpt lat="35.121716" lon="-120.625900"><ele>13.75</ele></trkpt>
   <trkpt lat="35.121702" lon="-120.625623"><ele>13.75</ele></trkpt>
   <trkpt lat="35.121701" lon="-120.625592"><ele>13.75</ele></trkpt>
   <trkpt lat="35.121682" lon="-120.625206"><ele>14.0</ele></trkpt>
   <trkpt lat="35.121639" lon="-120.624344"><ele>14.75</ele></trkpt>
   <trkpt lat="35.121620" lon="-120.623966"><ele>15.0</ele></trkpt>
   <trkpt lat="35.121579" lon="-120.623135"><ele>15.75</ele></trkpt>
   <trkpt lat="35.121576" lon="-120.623076"><ele>15.75</ele></trkpt>
   <trkpt lat="35.121559" lon="-120.622733"><ele>17.0</ele></trkpt>
   <trkpt lat="35.121535" lon="-120.622252"><ele>18.25</ele></trkpt>
   <trkpt lat="35.121521" lon="-120.621979"><ele>18.5</ele></trkpt>
   <trkpt lat="35.121518" lon="-120.621919"><ele>18.75</ele></trkpt>
   <trkpt lat="35.121503" lon="-120.621603"><ele>19.25</ele></trkpt>
   <trkpt lat="35.121497" lon="-120.621485"><ele>19.5</ele></trkpt>
   <trkpt lat="35.121494" lon="-120.621419"><ele>19.5</ele></trkpt>
   <trkpt lat="35.121457" lon="-120.620661"><ele>20.5</ele></trkpt>
   <trkpt lat="35.121437" lon="-120.620268"><ele>20.75</ele></trkpt>
   <trkpt lat="35.121449" lon="-120.620267"><ele>20.75</ele></trkpt>
   <trkpt lat="35.121437" lon="-120.620268"><ele>20.75</ele></trkpt>
   <trkpt lat="35.121396" lon="-120.619414"><ele>21.25</ele></trkpt>
   <trkpt lat="35.121378" lon="-120.619034"><ele>22.0</ele></trkpt>
   <trkpt lat="35.121341" lon="-120.618158"><ele>23.75</ele></trkpt>
   <trkpt lat="35.121333" lon="-120.617967"><ele>23.75</ele></trkpt>
   <trkpt lat="35.121365" lon="-120.617785"><ele>24.0</ele></trkpt>
   <trkpt lat="35.121321" lon="-120.616777"><ele>23.5</ele></trkpt>
   <trkpt lat="35.121311" lon="-120.616557"><ele>23.5</ele></trkpt>
   <trkpt lat="35.121307" lon="-120.616454"><ele>23.75</ele></trkpt>
   <trkpt lat="35.121293" lon="-120.616130"><ele>24.0</ele></trkpt>
   <trkpt lat="35.121259" lon="-120.615319"><ele>24.75</ele></trkpt>
   <trkpt lat="35.121240" lon="-120.614989"><ele>24.75</ele></trkpt>
   <trkpt lat="35.121233" lon="-120.614870"><ele>25.0</ele></trkpt>
   <trkpt lat="35.121217" lon="-120.614574"><ele>25.25</ele></trkpt>
   <trkpt lat="35.121209" lon="-120.614431"><ele>25.5</ele></trkpt>
   <trkpt lat="35.121189" lon="-120.614087"><ele>25.75</ele></trkpt>
   <trkpt lat="35.121168" lon="-120.613575"><ele>26.5</ele></trkpt>
   <trkpt lat="35.121158" lon="-120.613316"><ele>27.0</ele></trkpt>
   <trkpt lat="35.121141" lon="-120.612907"><ele>27.25</ele></trkpt>
   <trkpt lat="35.121123" lon="-120.612561"><ele>27.5</ele></trkpt>
   <trkpt lat="35.121110" lon="-120.612316"><ele>27.75</ele></trkpt>
   <trkpt lat="35.121106" lon="-120.612252"><ele>27.75</ele></trkpt>
   <trkpt lat="35.121097" lon="-120.612075"><ele>28.0</ele></trkpt>
   <trkpt lat="35.121073" lon="-120.611622"><ele>28.5</ele></trkpt>
   <trkpt lat="35.121040" lon="-120.610922"><ele>28.25</ele></trkpt>
   <trkpt lat="35.121026" lon="-120.610640"><ele>28.0</ele></trkpt>
   <trkpt lat="35.121009" lon="-120.610280"><ele>28.0</ele></trkpt>
   <trkpt lat="35.120997" lon="-120.610045"><ele>28.0</ele></trkpt>
   <trkpt lat="35.120982" lon="-120.609748"><ele>29.0</ele></trkpt>
   <trkpt lat="35.120988" lon="-120.609747"><ele>30.5</ele></trkpt>
   <trkpt lat="35.120982" lon="-120.609748"><ele>29.0</ele></trkpt>
   <trkpt lat="35.120977" lon="-120.609651"><ele>29.5</ele></trkpt>
   <trkpt lat="35.120951" lon="-120.609125"><ele>31.5</ele></trkpt>
   <trkpt lat="35.120916" lon="-120.608461"><ele>31.25</ele></trkpt>
   <trkpt lat="35.120903" lon="-120.608230"><ele>31.0</ele></trkpt>
   <trkpt lat="35.120849" lon="-120.608124"><ele>30.75</ele></trkpt>
   <trkpt lat="35.120845" lon="-120.608045"><ele>30.5</ele></trkpt>
   <trkpt lat="35.120815" lon="-120.607464"><ele>29.75</ele></trkpt>
   <trkpt lat="35.120775" lon="-120.606697"><ele>28.75</ele></trkpt>
   <trkpt lat="35.120745" lon="-120.605926"><ele>29.5</ele></trkpt>
   <trkpt lat="35.120729" lon="-120.605477"><ele>30.5</ele></trkpt>
   <trkpt lat="35.120773" lon="-120.605365"><ele>30.75</ele></trkpt>
   <trkpt lat="35.120761" lon="-120.605150"><ele>31.25</ele></trkpt>
   <trkpt lat="35.120757" lon="-120.605090"><ele>31.5</ele></trkpt>
   <trkpt lat="35.120714" lon="-120.604305"><ele>32.5</ele></trkpt>
   <trkpt lat="35.120700" lon="-120.604064"><ele>32.5</ele></trkpt>
   <trkpt lat="35.120679" lon="-120.603608"><ele>32.0</ele></trkpt>
   <trkpt lat="35.120668" lon="-120.603373"><ele>32.0</ele></trkpt>
   <trkpt lat="35.120657" lon="-120.603136"><ele>32.25</ele></trkpt>
   <trkpt lat="35.120651" lon="-120.603013"><ele>32.5</ele></trkpt>
   <trkpt lat="35.120633" lon="-120.602605"><ele>33.25</ele></trkpt>
   <trkpt lat="35.120629" lon="-120.602519"><ele>33.25</ele></trkpt>
   <trkpt lat="35.120610" lon="-120.602126"><ele>34.0</ele></trkpt>
   <trkpt lat="35.120606" lon="-120.602031"><ele>34.0</ele></trkpt>
   <trkpt lat="35.120592" lon="-120.601726"><ele>34.5</ele></trkpt>
   <trkpt lat="35.120582" lon="-120.601547"><ele>34.75</ele></trkpt>
   <trkpt lat="35.120528" lon="-120.601395"><ele>35.0</ele></trkpt>
   <trkpt lat="35.120508" lon="-120.600937"><ele>36.0</ele></trkpt>
   <trkpt lat="35.120491" lon="-120.600435"><ele>36.75</ele></trkpt>
   <trkpt lat="35.120458" lon="-120.600043"><ele>37.5</ele></trkpt>
   <trkpt lat="35.120448" lon="-120.599988"><ele>37.5</ele></trkpt>
   <trkpt lat="35.120403" lon="-120.599723"><ele>37.5</ele></trkpt>
   <trkpt lat="35.120376" lon="-120.599564"><ele>37.5</ele></trkpt>
   <trkpt lat="35.120280" lon="-120.599139"><ele>37.25</ele></trkpt>
   <trkpt lat="35.120234" lon="-120.598988"><ele>37.25</ele></trkpt>
   <trkpt lat="35.120215" lon="-120.598786"><ele>37.75</ele></trkpt>
   <trkpt lat="35.120189" lon="-120.598712"><ele>37.75</ele></trkpt>
   <trkpt lat="35.120115" lon="-120.598477"><ele>38.0</ele></trkpt>
   <trkpt lat="35.120087" lon="-120.598390"><ele>38.0</ele></trkpt>
   <trkpt lat="35.119698" lon="-120.597161"><ele>37.0</ele></trkpt>
   <trkpt lat="35.119616" lon="-120.596903"><ele>37.0</ele></trkpt>
   <trkpt lat="35.119492" lon="-120.596510"><ele>37.25</ele></trkpt>
   <trkpt lat="35.119427" lon="-120.596305"><ele>37.0</ele></trkpt>
   <trkpt lat="35.119371" lon="-120.596128"><ele>37.0</ele></trkpt>
   <trkpt lat="35.119330" lon="-120.596000"><ele>37.0</ele></trkpt>
   <trkpt lat="35.119275" lon="-120.595825"><ele>37.25</ele></trkpt>
   <trkpt lat="35.119215" lon="-120.595635"><ele>36.75</ele></trkpt>
   <trkpt lat="35.119193" lon="-120.595566"><ele>36.75</ele></trkpt>
   <trkpt lat="35.119160" lon="-120.595461"><ele>36.5</ele></trkpt>
   <trkpt lat="35.119087" lon="-120.595230"><ele>36.25</ele></trkpt>
   <trkpt lat="35.119061" lon="-120.595149"><ele>36.0</ele></trkpt>
   <trkpt lat="35.118851" lon="-120.594487"><ele>36.5</ele></trkpt>
   <trkpt lat="35.118781" lon="-120.594265"><ele>36.5</ele></trkpt>
   <trkpt lat="35.118768" lon="-120.594220"><ele>36.5</ele></trkpt>
   <trkpt lat="35.118695" lon="-120.593975"><ele>36.0</ele></trkpt>
   <trkpt lat="35.118665" lon="-120.593755"><ele>36.0</ele></trkpt>
   <trkpt lat="35.118655" lon="-120.593686"><ele>36.0</ele></trkpt>
   <trkpt lat="35.118655" lon="-120.593587"><ele>36.0</ele></trkpt>
   <trkpt lat="35.118655" lon="-120.593530"><ele>36.0</ele></trkpt>
   <trkpt lat="35.118654" lon="-120.593235"><ele>36.0</ele></trkpt>
   <trkpt lat="35.118654" lon="-120.593116"><ele>36.0</ele></trkpt>
   <trkpt lat="35.118532" lon="-120.593119"><ele>36.0</ele></trkpt>
   <trkpt lat="35.118170" lon="-120.593127"><ele>36.0</ele></trkpt>
   <trkpt lat="35.118121" lon="-120.593139"><ele>36.0</ele></trkpt>
   <trkpt lat="35.118062" lon="-120.593167"><ele>36.25</ele></trkpt>
   <trkpt lat="35.117928" lon="-120.593231"><ele>36.25</ele></trkpt>
   <trkpt lat="35.117367" lon="-120.593497"><ele>36.5</ele></trkpt>
   <trkpt lat="35.116929" lon="-120.593703"><ele>36.25</ele></trkpt>
   <trkpt lat="35.116877" lon="-120.593714"><ele>36.25</ele></trkpt>
   <trkpt lat="35.116684" lon="-120.593712"><ele>36.5</ele></trkpt>
   <trkpt lat="35.115836" lon="-120.593707"><ele>35.0</ele></trkpt>
   <trkpt lat="35.115514" lon="-120.593705"><ele>35.0</ele></trkpt>
   <trkpt lat="35.115515" lon="-120.592854"><ele>34.5</ele></trkpt>
   <trkpt lat="35.115516" lon="-120.591569"><ele>34.75</ele></trkpt>
   <trkpt lat="35.115480" lon="-120.591570"><ele>35.0</ele></trkpt>
   <trkpt lat="35.114489" lon="-120.591575"><ele>35.5</ele></trkpt>
   <trkpt lat="35.114477" lon="-120.591575"><ele>35.5</ele></trkpt>
   <trkpt lat="35.114469" lon="-120.591575"><ele>35.5</ele></trkpt>
   <trkpt lat="35.114154" lon="-120.591576"><ele>35.25</ele></trkpt>
   <trkpt lat="35.113837" lon="-120.591578"><ele>35.5</ele></trkpt>
   <trkpt lat="35.113679" lon="-120.591579"><ele>35.75</ele></trkpt>
   <trkpt lat="35.113567" lon="-120.591579"><ele>35.75</ele></trkpt>
   <trkpt lat="35.113465" lon="-120.591580"><ele>35.75</ele></trkpt>
   <trkpt lat="35.112736" lon="-120.591580"><ele>35.0</ele></trkpt>
   <trkpt lat="35.112731" lon="-120.591108"><ele>34.75</ele></trkpt>
   <trkpt lat="35.112726" lon="-120.590666"><ele>34.5</ele></trkpt>
   <trkpt lat="35.112724" lon="-120.590509"><ele>34.5</ele></trkpt>
   <trkpt lat="35.112726" lon="-120.589982"><ele>34.0</ele></trkpt>
   <trkpt lat="35.112727" lon="-120.589540"><ele>33.5</ele></trkpt>
   <trkpt lat="35.112731" lon="-120.588295"><ele>27.75</ele></trkpt>
   <trkpt lat="35.112731" lon="-120.587891"><ele>27.25</ele></trkpt>
   <trkpt lat="35.112734" lon="-120.587767"><ele>27.0</ele></trkpt>
   <trkpt lat="35.112730" lon="-120.587418"><ele>26.75</ele></trkpt>
   <trkpt lat="35.112736" lon="-120.585861"><ele>27.0</ele></trkpt>
   <trkpt lat="35.112746" lon="-120.585715"><ele>26.75</ele></trkpt>
   <trkpt lat="35.112765" lon="-120.585569"><ele>26.25</ele></trkpt>
   <trkpt lat="35.112791" lon="-120.585429"><ele>26.0</ele></trkpt>
   <trkpt lat="35.112826" lon="-120.585291"><ele>25.75</ele></trkpt>
   <trkpt lat="35.112870" lon="-120.585156"><ele>25.5</ele></trkpt>
   <trkpt lat="35.112959" lon="-120.584942"><ele>25.5</ele></trkpt>
   <trkpt lat="35.113012" lon="-120.584840"><ele>25.5</ele></trkpt>
   <trkpt lat="35.113130" lon="-120.584654"><ele>25.5</ele></trkpt>
   <trkpt lat="35.113264" lon="-120.584485"><ele>25.75</ele></trkpt>
   <trkpt lat="35.113341" lon="-120.584404"><ele>26.0</ele></trkpt>
   <trkpt lat="35.113508" lon="-120.584261"><ele>26.0</ele></trkpt>
   <trkpt lat="35.113663" lon="-120.584159"><ele>26.25</ele></trkpt>
   <trkpt lat="35.113824" lon="-120.584077"><ele>26.5</ele></trkpt>
   <trkpt lat="35.113904" lon="-120.584045"><ele>26.75</ele></trkpt>
   <trkpt lat="35.114068" lon="-120.583998"><ele>27.0</ele></trkpt>
   <trkpt lat="35.114558" lon="-120.583888"><ele>27.25</ele></trkpt>
   <trkpt lat="35.114921" lon="-120.583807"><ele>27.0</ele></trkpt>
   <trkpt lat="35.115044" lon="-120.583775"><ele>27.0</ele></trkpt>
   <trkpt lat="35.115246" lon="-120.583707"><ele>27.0</ele></trkpt>
   <trkpt lat="35.115402" lon="-120.583632"><ele>27.0</ele></trkpt>
   <trkpt lat="35.115488" lon="-120.583580"><ele>27.0</ele></trkpt>
   <trkpt lat="35.115654" lon="-120.583461"><ele>27.0</ele></trkpt>
   <trkpt lat="35.115750" lon="-120.583379"><ele>27.0</ele></trkpt>
   <trkpt lat="35.115934" lon="-120.583200"><ele>27.5</ele></trkpt>
   <trkpt lat="35.116022" lon="-120.583104"><ele>28.0</ele></trkpt>
   <trkpt lat="35.116107" lon="-120.583003"><ele>28.5</ele></trkpt>
   <trkpt lat="35.116173" lon="-120.582915"><ele>29.0</ele></trkpt>
   <trkpt lat="35.116223" lon="-120.582847"><ele>29.0</ele></trkpt>
   <trkpt lat="35.116325" lon="-120.582684"><ele>29.25</ele></trkpt>
   <trkpt lat="35.115400" lon="-120.581949"><ele>28.75</ele></trkpt>
   <trkpt lat="35.114871" lon="-120.581528"><ele>29.0</ele></trkpt>
   <trkpt lat="35.114115" lon="-120.580928"><ele>30.5</ele></trkpt>
   <trkpt lat="35.113947" lon="-120.580797"><ele>30.0</ele></trkpt>
   <trkpt lat="35.113869" lon="-120.580759"><ele>29.75</ele></trkpt>
   <trkpt lat="35.113813" lon="-120.580745"><ele>29.5</ele></trkpt>
   <trkpt lat="35.113713" lon="-120.580742"><ele>29.25</ele></trkpt>
   <trkpt lat="35.113543" lon="-120.580745"><ele>28.75</ele></trkpt>
   <trkpt lat="35.113230" lon="-120.580754"><ele>27.75</ele></trkpt>
   <trkpt lat="35.112876" lon="-120.580765"><ele>27.5</ele></trkpt>
   <trkpt lat="35.110275" lon="-120.580798"><ele>26.5</ele></trkpt>
   <trkpt lat="35.109525" lon="-120.580815"><ele>25.75</ele></trkpt>
   <trkpt lat="35.109430" lon="-120.580833"><ele>25.5</ele></trkpt>
   <trkpt lat="35.109339" lon="-120.580871"><ele>25.25</ele></trkpt>
   <trkpt lat="35.109255" lon="-120.580928"><ele>24.75</ele></trkpt>
   <trkpt lat="35.109184" lon="-120.580995"><ele>24.25</ele></trkpt>
   <trkpt lat="35.109118" lon="-120.581090"><ele>24.0</ele></trkpt>
   <trkpt lat="35.109045" lon="-120.581256"><ele>23.5</ele></trkpt>
   <trkpt lat="35.109033" lon="-120.581276"><ele>23.25</ele></trkpt>
   <trkpt lat="35.109003" lon="-120.581330"><ele>23.25</ele></trkpt>
   <trkpt lat="35.108952" lon="-120.581393"><ele>23.0</ele></trkpt>
   <trkpt lat="35.108842" lon="-120.581470"><ele>23.0</ele></trkpt>
   <trkpt lat="35.108796" lon="-120.581487"><ele>23.0</ele></trkpt>
   <trkpt lat="35.108714" lon="-120.581501"><ele>23.25</ele></trkpt>
   <trkpt lat="35.107266" lon="-120.581508"><ele>23.75</ele></trkpt>
   <trkpt lat="35.106949" lon="-120.581494"><ele>23.5</ele></trkpt>
   <trkpt lat="35.106682" lon="-120.581497"><ele>23.5</ele></trkpt>
   <trkpt lat="35.105283" lon="-120.581509"><ele>22.75</ele></trkpt>
   <trkpt lat="35.105125" lon="-120.581513"><ele>22.75</ele></trkpt>
   <trkpt lat="35.104496" lon="-120.581516"><ele>22.75</ele></trkpt>
   <trkpt lat="35.103885" lon="-120.581520"><ele>22.25</ele></trkpt>
   <trkpt lat="35.103767" lon="-120.581518"><ele>22.0</ele></trkpt>
   <trkpt lat="35.103413" lon="-120.581524"><ele>21.25</ele></trkpt>
   <trkpt lat="35.103271" lon="-120.581527"><ele>21.0</ele></trkpt>
   <trkpt lat="35.103288" lon="-120.581351"><ele>21.25</ele></trkpt>
   <trkpt lat="35.103380" lon="-120.581041"><ele>21.75</ele></trkpt>
   <trkpt lat="35.103406" lon="-120.580865"><ele>21.75</ele></trkpt>
   <trkpt lat="35.103415" lon="-120.580655"><ele>21.75</ele></trkpt>
   <trkpt lat="35.103410" lon="-120.580320"><ele>21.25</ele></trkpt>
   <trkpt lat="35.103387" lon="-120.580107"><ele>21.0</ele></trkpt>
   <trkpt lat="35.103228" lon="-120.579640"><ele>22.25</ele></trkpt>
   <trkpt lat="35.103169" lon="-120.579515"><ele>22.75</ele></trkpt>
   <trkpt lat="35.103024" lon="-120.579292"><ele>24.0</ele></trkpt>
   <trkpt lat="35.102859" lon="-120.579059"><ele>24.75</ele></trkpt>
   <trkpt lat="35.102773" lon="-120.578962"><ele>24.75</ele></trkpt>
   <trkpt lat="35.102662" lon="-120.578853"><ele>24.5</ele></trkpt>
   <trkpt lat="35.102552" lon="-120.578759"><ele>24.25</ele></trkpt>
   <trkpt lat="35.102306" lon="-120.578585"><ele>28.75</ele></trkpt>
   <trkpt lat="35.102209" lon="-120.578512"><ele>33.25</ele></trkpt>
   <trkpt lat="35.102089" lon="-120.578421"><ele>33.25</ele></trkpt>
   <trkpt lat="35.101948" lon="-120.578280"><ele>35.5</ele></trkpt>
   <trkpt lat="35.101852" lon="-120.578155"><ele>36.75</ele></trkpt>
   <trkpt lat="35.101775" lon="-120.578027"><ele>37.25</ele></trkpt>
   <trkpt lat="35.101679" lon="-120.577775"><ele>36.5</ele></trkpt>
   <trkpt lat="35.101637" lon="-120.577504"><ele>35.5</ele></trkpt>
   <trkpt lat="35.101646" lon="-120.577276"><ele>34.5</ele></trkpt>
   <trkpt lat="35.101705" lon="-120.576651"><ele>31.5</ele></trkpt>
   <trkpt lat="35.101710" lon="-120.576431"><ele>31.5</ele></trkpt>
   <trkpt lat="35.101705" lon="-120.576251"><ele>31.75</ele></trkpt>
   <trkpt lat="35.101688" lon="-120.576034"><ele>32.25</ele></trkpt>
   <trkpt lat="35.101664" lon="-120.575473"><ele>34.75</ele></trkpt>
   <trkpt lat="35.101674" lon="-120.575283"><ele>35.5</ele></trkpt>
   <trkpt lat="35.101736" lon="-120.574757"><ele>36.25</ele></trkpt>
   <trkpt lat="35.101740" lon="-120.574572"><ele>36.75</ele></trkpt>
   <trkpt lat="35.101725" lon="-120.574371"><ele>37.5</ele></trkpt>
   <trkpt lat="35.101655" lon="-120.573991"><ele>38.5</ele></trkpt>
   <trkpt lat="35.101635" lon="-120.573824"><ele>38.25</ele></trkpt>
   <trkpt lat="35.101633" lon="-120.573649"><ele>37.5</ele></trkpt>
   <trkpt lat="35.101672" lon="-120.573083"><ele>33.5</ele></trkpt>
   <trkpt lat="35.101662" lon="-120.572815"><ele>32.5</ele></trkpt>
   <trkpt lat="35.101587" lon="-120.572507"><ele>32.25</ele></trkpt>
   <trkpt lat="35.101501" lon="-120.572319"><ele>32.5</ele></trkpt>
   <trkpt lat="35.101405" lon="-120.572187"><ele>33.0</ele></trkpt>
   <trkpt lat="35.101230" lon="-120.571987"><ele>33.5</ele></trkpt>
   <trkpt lat="35.100808" lon="-120.571526"><ele>33.25</ele></trkpt>
   <trkpt lat="35.100353" lon="-120.571045"><ele>36.5</ele></trkpt>
   <trkpt lat="35.099950" lon="-120.570618"><ele>37.75</ele></trkpt>
   <trkpt lat="35.099692" lon="-120.570302"><ele>40.75</ele></trkpt>
   <trkpt lat="35.099561" lon="-120.570099"><ele>41.5</ele></trkpt>
   <trkpt lat="35.099522" lon="-120.570019"><ele>41.0</ele></trkpt>
   <trkpt lat="35.099428" lon="-120.569821"><ele>41.0</ele></trkpt>
   <trkpt lat="35.099326" lon="-120.569563"><ele>39.25</ele></trkpt>
   <trkpt lat="35.099108" lon="-120.568892"><ele>34.5</ele></trkpt>
   <trkpt lat="35.098998" lon="-120.568649"><ele>34.75</ele></trkpt>
   <trkpt lat="35.098857" lon="-120.568432"><ele>35.25</ele></trkpt>
   <trkpt lat="35.098602" lon="-120.568167"><ele>36.0</ele></trkpt>
   <trkpt lat="35.097119" lon="-120.567180"><ele>40.5</ele></trkpt>
   <trkpt lat="35.096943" lon="-120.567026"><ele>39.25</ele></trkpt>
   <trkpt lat="35.096478" lon="-120.566619"><ele>37.5</ele></trkpt>
   <trkpt lat="35.096041" lon="-120.566094"><ele>37.0</ele></trkpt>
   <trkpt lat="35.094970" lon="-120.564302"><ele>35.5</ele></trkpt>
   <trkpt lat="35.094731" lon="-120.563988"><ele>36.0</ele></trkpt>
   <trkpt lat="35.093647" lon="-120.563101"><ele>41.0</ele></trkpt>
   <trkpt lat="35.093307" lon="-120.562819"><ele>42.75</ele></trkpt>
   <trkpt lat="35.092812" lon="-120.562328"><ele>42.5</ele></trkpt>
   <trkpt lat="35.092809" lon="-120.562331"><ele>43.25</ele></trkpt>
   <trkpt lat="35.092812" lon="-120.562328"><ele>42.5</ele></trkpt>
   <trkpt lat="35.092139" lon="-120.561574"><ele>40.0</ele></trkpt>
   <trkpt lat="35.091870" lon="-120.561311"><ele>40.25</ele></trkpt>
   <trkpt lat="35.090958" lon="-120.560466"><ele>43.5</ele></trkpt>
   <trkpt lat="35.089119" lon="-120.558890"><ele>42.75</ele></trkpt>
   <trkpt lat="35.086461" lon="-120.556612"><ele>47.0</ele></trkpt>
   <trkpt lat="35.086455" lon="-120.556608"><ele>48.0</ele></trkpt>
   <trkpt lat="35.085254" lon="-120.555563"><ele>48.0</ele></trkpt>
   <trkpt lat="35.084365" lon="-120.554783"><ele>51.0</ele></trkpt>
   <trkpt lat="35.084242" lon="-120.554659"><ele>51.25</ele></trkpt>
   <trkpt lat="35.084114" lon="-120.554518"><ele>51.25</ele></trkpt>
   <trkpt lat="35.083900" lon="-120.554284"><ele>51.25</ele></trkpt>
   <trkpt lat="35.083457" lon="-120.553727"><ele>53.0</ele></trkpt>
   <trkpt lat="35.083424" lon="-120.553686"><ele>53.25</ele></trkpt>
   <trkpt lat="35.082637" lon="-120.552403"><ele>56.25</ele></trkpt>
   <trkpt lat="35.082566" lon="-120.552287"><ele>56.25</ele></trkpt>
   <trkpt lat="35.082428" lon="-120.552382"><ele>56.0</ele></trkpt>
   <trkpt lat="35.081757" lon="-120.552737"><ele>54.75</ele></trkpt>
   <trkpt lat="35.081653" lon="-120.552754"><ele>54.5</ele></trkpt>
   <trkpt lat="35.081610" lon="-120.552738"><ele>54.75</ele></trkpt>
   <trkpt lat="35.081530" lon="-120.552672"><ele>54.75</ele></trkpt>
   <trkpt lat="35.081486" lon="-120.552610"><ele>54.75</ele></trkpt>
   <trkpt lat="35.081015" lon="-120.551822"><ele>55.25</ele></trkpt>
   <trkpt lat="35.080923" lon="-120.551646"><ele>55.0</ele></trkpt>
   <trkpt lat="35.080230" lon="-120.550465"><ele>55.25</ele></trkpt>
   <trkpt lat="35.079440" lon="-120.549165"><ele>57.5</ele></trkpt>
   <trkpt lat="35.079388" lon="-120.549068"><ele>58.0</ele></trkpt>
   <trkpt lat="35.078913" lon="-120.548285"><ele>60.0</ele></trkpt>
   <trkpt lat="35.078818" lon="-120.548088"><ele>60.25</ele></trkpt>
   <trkpt lat="35.078660" lon="-120.547801"><ele>60.5</ele></trkpt>
   <trkpt lat="35.078648" lon="-120.547771"><ele>61.5</ele></trkpt>
   <trkpt lat="35.078363" lon="-120.547028"><ele>61.5</ele></trkpt>
   <trkpt lat="35.078301" lon="-120.546822"><ele>61.75</ele></trkpt>
   <trkpt lat="35.078232" lon="-120.546498"><ele>62.0</ele></trkpt>
   <trkpt lat="35.078223" lon="-120.546444"><ele>62.0</ele></trkpt>
   <trkpt lat="35.077972" lon="-120.545020"><ele>62.75</ele></trkpt>
   <trkpt lat="35.077807" lon="-120.544036"><ele>63.0</ele></trkpt>
   <trkpt lat="35.077554" lon="-120.542809"><ele>65.5</ele></trkpt>
   <trkpt lat="35.076608" lon="-120.543036"><ele>66.0</ele></trkpt>
   <trkpt lat="35.076211" lon="-120.543113"><ele>66.5</ele></trkpt>
   <trkpt lat="35.076020" lon="-120.543124"><ele>66.5</ele></trkpt>
   <trkpt lat="35.075866" lon="-120.543099"><ele>67.0</ele></trkpt>
   <trkpt lat="35.075803" lon="-120.543076"><ele>67.5</ele></trkpt>
   <trkpt lat="35.075643" lon="-120.542965"><ele>69.5</ele></trkpt>
   <trkpt lat="35.075391" lon="-120.542619"><ele>74.0</ele></trkpt>
   <trkpt lat="35.075230" lon="-120.542431"><ele>76.75</ele></trkpt>
   <trkpt lat="35.075133" lon="-120.542342"><ele>78.0</ele></trkpt>
   <trkpt lat="35.075021" lon="-120.542239"><ele>79.25</ele></trkpt>
   <trkpt lat="35.074829" lon="-120.542036"><ele>83.0</ele></trkpt>
   <trkpt lat="35.074703" lon="-120.541866"><ele>85.5</ele></trkpt>
   <trkpt lat="35.074534" lon="-120.541708"><ele>88.0</ele></trkpt>
   <trkpt lat="35.073357" lon="-120.540609"><ele>102.25</ele></trkpt>
   <trkpt lat="35.073256" lon="-120.540530"><ele>104.25</ele></trkpt>
   <trkpt lat="35.073211" lon="-120.540522"><ele>105.0</ele></trkpt>
   <trkpt lat="35.073200" lon="-120.540520"><ele>105.5</ele></trkpt>
   <trkpt lat="35.073159" lon="-120.540512"><ele>105.5</ele></trkpt>
   <trkpt lat="35.072965" lon="-120.540497"><ele>107.75</ele></trkpt>
   <trkpt lat="35.072587" lon="-120.540517"><ele>111.5</ele></trkpt>
   <trkpt lat="35.070972" lon="-120.540587"><ele>115.25</ele></trkpt>
   <trkpt lat="35.070828" lon="-120.540609"><ele>115.25</ele></trkpt>
   <trkpt lat="35.070675" lon="-120.540647"><ele>115.0</ele></trkpt>
   <trkpt lat="35.070552" lon="-120.540700"><ele>114.75</ele></trkpt>
   <trkpt lat="35.070272" lon="-120.540879"><ele>114.75</ele></trkpt>
   <trkpt lat="35.069579" lon="-120.541334"><ele>115.75</ele></trkpt>
   <trkpt lat="35.068938" lon="-120.541786"><ele>114.5</ele></trkpt>
   <trkpt lat="35.068777" lon="-120.541885"><ele>113.75</ele></trkpt>
   <trkpt lat="35.068732" lon="-120.541877"><ele>113.5</ele></trkpt>
   <trkpt lat="35.068661" lon="-120.541834"><ele>113.0</ele></trkpt>
   <trkpt lat="35.068596" lon="-120.541745"><ele>112.5</ele></trkpt>
   <trkpt lat="35.068234" lon="-120.540917"><ele>110.75</ele></trkpt>
   <trkpt lat="35.068007" lon="-120.540398"><ele>112.25</ele></trkpt>
   <trkpt lat="35.067827" lon="-120.539987"><ele>114.25</ele></trkpt>
   <trkpt lat="35.067547" lon="-120.539344"><ele>117.25</ele></trkpt>
   <trkpt lat="35.067504" lon="-120.539246"><ele>117.75</ele></trkpt>
   <trkpt lat="35.067192" lon="-120.538531"><ele>118.0</ele></trkpt>
   <trkpt lat="35.066969" lon="-120.538063"><ele>118.75</ele></trkpt>
   <trkpt lat="35.066938" lon="-120.537998"><ele>119.0</ele></trkpt>
   <trkpt lat="35.066689" lon="-120.537447"><ele>121.75</ele></trkpt>
   <trkpt lat="35.066405" lon="-120.536793"><ele>120.0</ele></trkpt>
   <trkpt lat="35.066364" lon="-120.536699"><ele>120.0</ele></trkpt>
   <trkpt lat="35.066110" lon="-120.536169"><ele>119.5</ele></trkpt>
   <trkpt lat="35.065906" lon="-120.535743"><ele>118.75</ele></trkpt>
   <trkpt lat="35.065894" lon="-120.535717"><ele>118.75</ele></trkpt>
   <trkpt lat="35.065589" lon="-120.535065"><ele>117.0</ele></trkpt>
   <trkpt lat="35.065400" lon="-120.534655"><ele>117.75</ele></trkpt>
   <trkpt lat="35.065329" lon="-120.534503"><ele>118.0</ele></trkpt>
   <trkpt lat="35.065135" lon="-120.534115"><ele>119.0</ele></trkpt>
   <trkpt lat="35.064767" lon="-120.533464"><ele>121.0</ele></trkpt>
   <trkpt lat="35.064547" lon="-120.532990"><ele>121.25</ele></trkpt>
   <trkpt lat="35.064148" lon="-120.532134"><ele>120.25</ele></trkpt>
   <trkpt lat="35.063916" lon="-120.531635"><ele>120.25</ele></trkpt>
   <trkpt lat="35.063451" lon="-120.530635"><ele>121.25</ele></trkpt>
   <trkpt lat="35.063257" lon="-120.530219"><ele>120.75</ele></trkpt>
   <trkpt lat="35.063132" lon="-120.529950"><ele>120.5</ele></trkpt>
   <trkpt lat="35.062893" lon="-120.529436"><ele>120.75</ele></trkpt>
   <trkpt lat="35.062657" lon="-120.528930"><ele>122.0</ele></trkpt>
   <trkpt lat="35.062506" lon="-120.528590"><ele>123.25</ele></trkpt>
   <trkpt lat="35.062043" lon="-120.527543"><ele>128.25</ele></trkpt>
   <trkpt lat="35.061955" lon="-120.527387"><ele>129.0</ele></trkpt>
   <trkpt lat="35.061851" lon="-120.527240"><ele>129.5</ele></trkpt>
   <trkpt lat="35.061821" lon="-120.527232"><ele>129.5</ele></trkpt>
   <trkpt lat="35.061691" lon="-120.527197"><ele>129.5</ele></trkpt>
   <trkpt lat="35.061588" lon="-120.527207"><ele>128.75</ele></trkpt>
   <trkpt lat="35.060295" lon="-120.527455"><ele>120.25</ele></trkpt>
   <trkpt lat="35.060123" lon="-120.527483"><ele>120.0</ele></trkpt>
   <trkpt lat="35.059888" lon="-120.527525"><ele>120.25</ele></trkpt>
   <trkpt lat="35.059609" lon="-120.527574"><ele>121.0</ele></trkpt>
   <trkpt lat="35.059015" lon="-120.527674"><ele>124.0</ele></trkpt>
   <trkpt lat="35.058646" lon="-120.527698"><ele>126.75</ele></trkpt>
   <trkpt lat="35.058420" lon="-120.527712"><ele>128.5</ele></trkpt>
   <trkpt lat="35.056666" lon="-120.527684"><ele>134.25</ele></trkpt>
   <trkpt lat="35.056622" lon="-120.527683"><ele>134.0</ele></trkpt>
   <trkpt lat="35.056031" lon="-120.527668"><ele>130.25</ele></trkpt>
   <trkpt lat="35.054889" lon="-120.527662"><ele>121.25</ele></trkpt>
   <trkpt lat="35.053610" lon="-120.527637"><ele>115.75</ele></trkpt>
   <trkpt lat="35.053434" lon="-120.527608"><ele>115.0</ele></trkpt>
   <trkpt lat="35.053402" lon="-120.527599"><ele>115.25</ele></trkpt>
   <trkpt lat="35.053246" lon="-120.527553"><ele>115.25</ele></trkpt>
   <trkpt lat="35.052987" lon="-120.527400"><ele>117.0</ele></trkpt>
   <trkpt lat="35.052705" lon="-120.527166"><ele>119.5</ele></trkpt>
   <trkpt lat="35.051686" lon="-120.526275"><ele>118.5</ele></trkpt>
   <trkpt lat="35.051129" lon="-120.525790"><ele>120.0</ele></trkpt>
   <trkpt lat="35.050835" lon="-120.525534"><ele>122.0</ele></trkpt>
   <trkpt lat="35.050382" lon="-120.525140"><ele>123.25</ele></trkpt>
   <trkpt lat="35.049806" lon="-120.524638"><ele>122.0</ele></trkpt>
   <trkpt lat="35.049622" lon="-120.524507"><ele>121.75</ele></trkpt>
   <trkpt lat="35.049472" lon="-120.524421"><ele>121.25</ele></trkpt>
   <trkpt lat="35.049407" lon="-120.524400"><ele>121.25</ele></trkpt>
   <trkpt lat="35.049327" lon="-120.524374"><ele>121.0</ele></trkpt>
   <trkpt lat="35.049286" lon="-120.524361"><ele>121.0</ele></trkpt>
   <trkpt lat="35.049207" lon="-120.524354"><ele>121.0</ele></trkpt>
   <trkpt lat="35.048281" lon="-120.524280"><ele>117.0</ele></trkpt>
   <trkpt lat="35.047819" lon="-120.524269"><ele>116.0</ele></trkpt>
   <trkpt lat="35.046710" lon="-120.524227"><ele>116.25</ele></trkpt>
   <trkpt lat="35.046551" lon="-120.524230"><ele>116.25</ele></trkpt>
   <trkpt lat="35.045481" lon="-120.524248"><ele>113.75</ele></trkpt>
   <trkpt lat="35.044944" lon="-120.524246"><ele>111.75</ele></trkpt>
   <trkpt lat="35.043838" lon="-120.524241"><ele>111.0</ele></trkpt>
   <trkpt lat="35.041986" lon="-120.524229"><ele>112.25</ele></trkpt>
   <trkpt lat="35.041859" lon="-120.524228"><ele>112.0</ele></trkpt>
   <trkpt lat="35.041710" lon="-120.524216"><ele>111.5</ele></trkpt>
   <trkpt lat="35.041698" lon="-120.524215"><ele>111.5</ele></trkpt>
   <trkpt lat="35.041438" lon="-120.524166"><ele>109.5</ele></trkpt>
   <trkpt lat="35.041165" lon="-120.524078"><ele>107.5</ele></trkpt>
   <trkpt lat="35.041051" lon="-120.524024"><ele>106.75</ele></trkpt>
   <trkpt lat="35.040870" lon="-120.523938"><ele>105.5</ele></trkpt>
   <trkpt lat="35.040571" lon="-120.523766"><ele>105.0</ele></trkpt>
   <trkpt lat="35.040234" lon="-120.523425"><ele>104.75</ele></trkpt>
   <trkpt lat="35.040000" lon="-120.523142"><ele>103.75</ele></trkpt>
   <trkpt lat="35.039791" lon="-120.522806"><ele>100.0</ele></trkpt>
   <trkpt lat="35.039752" lon="-120.522744"><ele>99.5</ele></trkpt>
   <trkpt lat="35.039551" lon="-120.522257"><ele>97.75</ele></trkpt>
   <trkpt lat="35.039377" lon="-120.521506"><ele>100.0</ele></trkpt>
   <trkpt lat="35.039358" lon="-120.520299"><ele>105.75</ele></trkpt>
   <trkpt lat="35.039357" lon="-120.519154"><ele>107.75</ele></trkpt>
   <trkpt lat="35.039353" lon="-120.517780"><ele>107.75</ele></trkpt>
   <trkpt lat="35.039353" lon="-120.517755"><ele>107.75</ele></trkpt>
   <trkpt lat="35.039355" lon="-120.517209"><ele>108.5</ele></trkpt>
   <trkpt lat="35.039355" lon="-120.517116"><ele>108.5</ele></trkpt>
   <trkpt lat="35.039356" lon="-120.516628"><ele>108.5</ele></trkpt>
   <trkpt lat="35.039356" lon="-120.516574"><ele>108.5</ele></trkpt>
   <trkpt lat="35.039357" lon="-120.516291"><ele>107.5</ele></trkpt>
   <trkpt lat="35.039356" lon="-120.516196"><ele>107.25</ele></trkpt>
   <trkpt lat="35.039350" lon="-120.515589"><ele>107.0</ele></trkpt>
   <trkpt lat="35.039348" lon="-120.515396"><ele>107.25</ele></trkpt>
   <trkpt lat="35.039346" lon="-120.515157"><ele>108.0</ele></trkpt>
   <trkpt lat="35.039342" lon="-120.514704"><ele>108.5</ele></trkpt>
   <trkpt lat="35.039341" lon="-120.514660"><ele>108.5</ele></trkpt>
   <trkpt lat="35.039339" lon="-120.513988"><ele>109.5</ele></trkpt>
   <trkpt lat="35.039341" lon="-120.513726"><ele>110.25</ele></trkpt>
   <trkpt lat="35.039343" lon="-120.513497"><ele>111.0</ele></trkpt>
   <trkpt lat="35.039343" lon="-120.513413"><ele>111.25</ele></trkpt>
   <trkpt lat="35.039342" lon="-120.513197"><ele>111.75</ele></trkpt>
   <trkpt lat="35.039342" lon="-120.513078"><ele>112.0</ele></trkpt>
   <trkpt lat="35.039342" lon="-120.512986"><ele>112.25</ele></trkpt>
   <trkpt lat="35.039340" lon="-120.512145"><ele>113.0</ele></trkpt>
   <trkpt lat="35.039339" lon="-120.511405"><ele>112.5</ele></trkpt>
   <trkpt lat="35.039337" lon="-120.510468"><ele>110.75</ele></trkpt>
   <trkpt lat="35.039336" lon="-120.510220"><ele>110.5</ele></trkpt>
   <trkpt lat="35.039341" lon="-120.508076"><ele>113.75</ele></trkpt>
   <trkpt lat="35.039334" lon="-120.506575"><ele>113.25</ele></trkpt>
   <trkpt lat="35.039330" lon="-120.506531"><ele>113.0</ele></trkpt>
   <trkpt lat="35.039311" lon="-120.506248"><ele>113.0</ele></trkpt>
   <trkpt lat="35.039243" lon="-120.505853"><ele>113.25</ele></trkpt>
   <trkpt lat="35.039026" lon="-120.504812"><ele>116.75</ele></trkpt>
   <trkpt lat="35.038809" lon="-120.503771"><ele>120.0</ele></trkpt>
   <trkpt lat="35.038743" lon="-120.503568"><ele>120.5</ele></trkpt>
   <trkpt lat="35.038660" lon="-120.503374"><ele>120.75</ele></trkpt>
   <trkpt lat="35.038562" lon="-120.503192"><ele>120.75</ele></trkpt>
   <trkpt lat="35.038352" lon="-120.502924"><ele>120.0</ele></trkpt>
   <trkpt lat="35.038226" lon="-120.502804"><ele>119.5</ele></trkpt>
   <trkpt lat="35.036577" lon="-120.501838"><ele>112.25</ele></trkpt>
   <trkpt lat="35.034849" lon="-120.500830"><ele>114.0</ele></trkpt>
   <trkpt lat="35.034069" lon="-120.500402"><ele>115.0</ele></trkpt>
   <trkpt lat="35.034068" lon="-120.500401"><ele>115.0</ele></trkpt>
   <trkpt lat="35.033898" lon="-120.500284"><ele>116.25</ele></trkpt>
   <trkpt lat="35.033714" lon="-120.500110"><ele>117.0</ele></trkpt>
   <trkpt lat="35.033560" lon="-120.499862"><ele>116.75</ele></trkpt>
   <trkpt lat="35.033457" lon="-120.499594"><ele>116.0</ele></trkpt>
   <trkpt lat="35.033275" lon="-120.498985"><ele>114.25</ele></trkpt>
   <trkpt lat="35.033062" lon="-120.498320"><ele>114.5</ele></trkpt>
   <trkpt lat="35.032744" lon="-120.497791"><ele>113.75</ele></trkpt>
   <trkpt lat="35.032184" lon="-120.497005"><ele>112.75</ele></trkpt>
   <trkpt lat="35.031229" lon="-120.495664"><ele>113.75</ele></trkpt>
   <trkpt lat="35.030838" lon="-120.495116"><ele>115.5</ele></trkpt>
   <trkpt lat="35.030440" lon="-120.495437"><ele>116.75</ele></trkpt>
   <trkpt lat="35.029988" lon="-120.495713"><ele>119.0</ele></trkpt>
   <trkpt lat="35.029484" lon="-120.495998"><ele>120.0</ele></trkpt>
   <trkpt lat="35.028959" lon="-120.496315"><ele>120.75</ele></trkpt>
   <trkpt lat="35.028919" lon="-120.496205"><ele>121.0</ele></trkpt>
   <trkpt lat="35.028700" lon="-120.495690"><ele>122.25</ele></trkpt>
   <trkpt lat="35.028393" lon="-120.495020"><ele>122.75</ele></trkpt>
   <trkpt lat="35.027955" lon="-120.494010"><ele>120.75</ele></trkpt>
   <trkpt lat="35.027479" lon="-120.492867"><ele>118.75</ele></trkpt>
   <trkpt lat="35.026982" lon="-120.491745"><ele>115.75</ele></trkpt>
   <trkpt lat="35.026895" lon="-120.491574"><ele>115.75</ele></trkpt>
   <trkpt lat="35.026811" lon="-120.491439"><ele>115.5</ele></trkpt>
   <trkpt lat="35.026824" lon="-120.491417"><ele>116.0</ele></trkpt>
   <trkpt lat="35.026811" lon="-120.491439"><ele>115.5</ele></trkpt>
   <trkpt lat="35.026475" lon="-120.491021"><ele>116.0</ele></trkpt>
   <trkpt lat="35.026134" lon="-120.490652"><ele>117.0</ele></trkpt>
   <trkpt lat="35.026030" lon="-120.490547"><ele>117.25</ele></trkpt>
   <trkpt lat="35.025834" lon="-120.490383"><ele>117.25</ele></trkpt>
   <trkpt lat="35.025676" lon="-120.490277"><ele>116.5</ele></trkpt>
   <trkpt lat="35.025502" lon="-120.490187"><ele>115.75</ele></trkpt>
   <trkpt lat="35.024756" lon="-120.489901"><ele>113.75</ele></trkpt>
   <trkpt lat="35.024318" lon="-120.489733"><ele>113.75</ele></trkpt>
   <trkpt lat="35.023341" lon="-120.489361"><ele>110.75</ele></trkpt>
   <trkpt lat="35.022925" lon="-120.489211"><ele>108.0</ele></trkpt>
   <trkpt lat="35.022386" lon="-120.488997"><ele>105.25</ele></trkpt>
   <trkpt lat="35.022142" lon="-120.488876"><ele>104.0</ele></trkpt>
   <trkpt lat="35.021971" lon="-120.488749"><ele>103.5</ele></trkpt>
   <trkpt lat="35.021840" lon="-120.488630"><ele>103.0</ele></trkpt>
   <trkpt lat="35.021599" lon="-120.488303"><ele>102.5</ele></trkpt>
   <trkpt lat="35.021479" lon="-120.488113"><ele>102.0</ele></trkpt>
   <trkpt lat="35.021122" lon="-120.487549"><ele>100.5</ele></trkpt>
   <trkpt lat="35.020491" lon="-120.486554"><ele>100.25</ele></trkpt>
   <trkpt lat="35.020470" lon="-120.486564"><ele>99.0</ele></trkpt>
   <trkpt lat="35.020491" lon="-120.486554"><ele>100.25</ele></trkpt>
   <trkpt lat="35.019596" lon="-120.485145"><ele>101.25</ele></trkpt>
   <trkpt lat="35.017886" lon="-120.482448"><ele>99.0</ele></trkpt>
   <trkpt lat="35.017844" lon="-120.482385"><ele>99.0</ele></trkpt>
   <trkpt lat="35.017801" lon="-120.482320"><ele>99.0</ele></trkpt>
   <trkpt lat="35.017379" lon="-120.481675"><ele>101.25</ele></trkpt>
   <trkpt lat="35.017256" lon="-120.481467"><ele>102.5</ele></trkpt>
   <trkpt lat="35.016572" lon="-120.480385"><ele>105.75</ele></trkpt>
   <trkpt lat="35.015209" lon="-120.478244"><ele>104.5</ele></trkpt>
   <trkpt lat="35.014918" lon="-120.477783"><ele>100.25</ele></trkpt>
   <trkpt lat="35.014703" lon="-120.477440"><ele>100.25</ele></trkpt>
   <trkpt lat="35.014263" lon="-120.476726"><ele>96.25</ele></trkpt>
   <trkpt lat="35.013392" lon="-120.475320"><ele>99.5</ele></trkpt>
   <trkpt lat="35.013265" lon="-120.475115"><ele>100.5</ele></trkpt>
   <trkpt lat="35.012972" lon="-120.474651"><ele>100.25</ele></trkpt>
   <trkpt lat="35.012855" lon="-120.474465"><ele>100.0</ele></trkpt>
   <trkpt lat="35.012610" lon="-120.474077"><ele>99.5</ele></trkpt>
   <trkpt lat="35.011310" lon="-120.472018"><ele>97.5</ele></trkpt>
   <trkpt lat="35.009721" lon="-120.469499"><ele>93.25</ele></trkpt>
   <trkpt lat="35.009122" lon="-120.468547"><ele>93.25</ele></trkpt>
   <trkpt lat="35.009027" lon="-120.468385"><ele>92.5</ele></trkpt>
   <trkpt lat="35.008089" lon="-120.466891"><ele>91.75</ele></trkpt>
   <trkpt lat="35.006955" lon="-120.464968"><ele>87.25</ele></trkpt>
   <trkpt lat="35.006248" lon="-120.463735"><ele>87.75</ele></trkpt>
   <trkpt lat="35.004990" lon="-120.461515"><ele>90.5</ele></trkpt>
   <trkpt lat="35.004510" lon="-120.460685"><ele>92.0</ele></trkpt>
   <trkpt lat="35.004313" lon="-120.460307"><ele>92.0</ele></trkpt>
   <trkpt lat="35.003547" lon="-120.458983"><ele>90.0</ele></trkpt>
   <trkpt lat="35.003378" lon="-120.458625"><ele>89.75</ele></trkpt>
   <trkpt lat="35.003344" lon="-120.458551"><ele>89.75</ele></trkpt>
   <trkpt lat="35.003212" lon="-120.458095"><ele>90.5</ele></trkpt>
   <trkpt lat="35.003148" lon="-120.457471"><ele>91.5</ele></trkpt>
   <trkpt lat="35.003161" lon="-120.457155"><ele>92.0</ele></trkpt>
   <trkpt lat="35.003242" lon="-120.456677"><ele>92.25</ele></trkpt>
   <trkpt lat="35.003427" lon="-120.456138"><ele>93.25</ele></trkpt>
   <trkpt lat="35.003622" lon="-120.455835"><ele>94.5</ele></trkpt>
   <trkpt lat="35.004461" lon="-120.454674"><ele>94.5</ele></trkpt>
   <trkpt lat="35.004825" lon="-120.454177"><ele>94.75</ele></trkpt>
   <trkpt lat="35.005045" lon="-120.453877"><ele>94.5</ele></trkpt>
   <trkpt lat="35.005183" lon="-120.453688"><ele>94.25</ele></trkpt>
   <trkpt lat="35.005930" lon="-120.452666"><ele>92.75</ele></trkpt>
   <trkpt lat="35.007314" lon="-120.450760"><ele>93.0</ele></trkpt>
   <trkpt lat="35.007529" lon="-120.450448"><ele>92.5</ele></trkpt>
   <trkpt lat="35.007543" lon="-120.450425"><ele>92.0</ele></trkpt>
   <trkpt lat="35.007672" lon="-120.450204"><ele>92.0</ele></trkpt>
   <trkpt lat="35.007874" lon="-120.449693"><ele>91.5</ele></trkpt>
   <trkpt lat="35.007961" lon="-120.449295"><ele>90.75</ele></trkpt>
   <trkpt lat="35.008000" lon="-120.448933"><ele>90.75</ele></trkpt>
   <trkpt lat="35.008003" lon="-120.448794"><ele>90.75</ele></trkpt>
   <trkpt lat="35.007970" lon="-120.448351"><ele>91.0</ele></trkpt>
   <trkpt lat="35.007874" lon="-120.447957"><ele>90.5</ele></trkpt>
   <trkpt lat="35.007745" lon="-120.447599"><ele>90.25</ele></trkpt>
   <trkpt lat="35.007617" lon="-120.447301"><ele>90.5</ele></trkpt>
   <trkpt lat="35.006046" lon="-120.444336"><ele>87.0</ele></trkpt>
   <trkpt lat="35.005950" lon="-120.444168"><ele>86.25</ele></trkpt>
   <trkpt lat="35.005201" lon="-120.442761"><ele>84.75</ele></trkpt>
   <trkpt lat="35.005108" lon="-120.442592"><ele>83.75</ele></trkpt>
   <trkpt lat="35.004824" lon="-120.442128"><ele>76.25</ele></trkpt>
   <trkpt lat="35.004665" lon="-120.441866"><ele>76.25</ele></trkpt>
   <trkpt lat="35.004352" lon="-120.441211"><ele>69.25</ele></trkpt>
   <trkpt lat="35.003938" lon="-120.440606"><ele>66.25</ele></trkpt>
   <trkpt lat="35.003620" lon="-120.440226"><ele>65.75</ele></trkpt>
   <trkpt lat="35.003119" lon="-120.439675"><ele>65.75</ele></trkpt>
   <trkpt lat="35.002908" lon="-120.439467"><ele>65.75</ele></trkpt>
   <trkpt lat="35.001642" lon="-120.438410"><ele>65.75</ele></trkpt>
   <trkpt lat="35.000634" lon="-120.437494"><ele>65.0</ele></trkpt>
   <trkpt lat="35.000402" lon="-120.437317"><ele>65.75</ele></trkpt>
   <trkpt lat="34.999932" lon="-120.437015"><ele>67.25</ele></trkpt>
   <trkpt lat="34.999834" lon="-120.436960"><ele>67.25</ele></trkpt>
   <trkpt lat="34.998632" lon="-120.436279"><ele>66.75</ele></trkpt>
   <trkpt lat="34.998486" lon="-120.436195"><ele>66.75</ele></trkpt>
   <trkpt lat="34.998410" lon="-120.436161"><ele>66.75</ele></trkpt>
   <trkpt lat="34.997487" lon="-120.435758"><ele>68.5</ele></trkpt>
   <trkpt lat="34.997073" lon="-120.435608"><ele>68.75</ele></trkpt>
   <trkpt lat="34.996781" lon="-120.435537"><ele>68.75</ele></trkpt>
   <trkpt lat="34.996144" lon="-120.435422"><ele>68.0</ele></trkpt>
   <trkpt lat="34.995569" lon="-120.435347"><ele>67.75</ele></trkpt>
   <trkpt lat="34.995130" lon="-120.435331"><ele>68.25</ele></trkpt>
   <trkpt lat="34.994070" lon="-120.435347"><ele>69.5</ele></trkpt>
   <trkpt lat="34.993943" lon="-120.435310"><ele>70.0</ele></trkpt>
   <trkpt lat="34.993231" lon="-120.435339"><ele>70.25</ele></trkpt>
   <trkpt lat="34.993146" lon="-120.435333"><ele>69.75</ele></trkpt>
   <trkpt lat="34.993046" lon="-120.435280"><ele>69.5</ele></trkpt>
   <trkpt lat="34.992862" lon="-120.435141"><ele>68.75</ele></trkpt>
   <trkpt lat="34.991733" lon="-120.434234"><ele>69.0</ele></trkpt>
   <trkpt lat="34.991681" lon="-120.434225"><ele>68.75</ele></trkpt>
   <trkpt lat="34.991395" lon="-120.434196"><ele>68.75</ele></trkpt>
   <trkpt lat="34.987138" lon="-120.433558"><ele>68.75</ele></trkpt>
   <trkpt lat="34.986188" lon="-120.433415"><ele>68.75</ele></trkpt>
   <trkpt lat="34.985881" lon="-120.433350"><ele>68.75</ele></trkpt>
   <trkpt lat="34.985834" lon="-120.433340"><ele>68.75</ele></trkpt>
   <trkpt lat="34.985779" lon="-120.433366"><ele>68.75</ele></trkpt>
   <trkpt lat="34.985770" lon="-120.433386"><ele>68.75</ele></trkpt>
   <trkpt lat="34.985763" lon="-120.433430"><ele>68.75</ele></trkpt>
   <trkpt lat="34.985765" lon="-120.433478"><ele>68.75</ele></trkpt>
   <trkpt lat="34.985789" lon="-120.433528"><ele>68.75</ele></trkpt>
   <trkpt lat="34.985821" lon="-120.433549"><ele>68.5</ele></trkpt>
   <trkpt lat="34.985869" lon="-120.433557"><ele>68.5</ele></trkpt>
   <trkpt lat="34.985991" lon="-120.433526"><ele>68.5</ele></trkpt>
   <trkpt lat="34.986030" lon="-120.433528"><ele>68.5</ele></trkpt>
   <trkpt lat="34.986064" lon="-120.433551"><ele>68.5</ele></trkpt>
   <trkpt lat="34.986348" lon="-120.434018"><ele>68.0</ele></trkpt>
   <trkpt lat="34.986427" lon="-120.434161"><ele>68.0</ele></trkpt>
   <trkpt lat="34.986611" lon="-120.434498"><ele>67.5</ele></trkpt>
   <trkpt lat="34.986645" lon="-120.434623"><ele>67.25</ele></trkpt>
   <trkpt lat="34.986847" lon="-120.435120"><ele>66.5</ele></trkpt>
   <trkpt lat="34.986853" lon="-120.435179"><ele>66.25</ele></trkpt>
   <trkpt lat="34.986831" lon="-120.435190"><ele>66.25</ele></trkpt>
   <trkpt lat="34.986697" lon="-120.435308"><ele>66.0</ele></trkpt>
   <trkpt lat="34.986556" lon="-120.435349"><ele>66.25</ele></trkpt>
   <trkpt lat="34.986400" lon="-120.435375"><ele>66.25</ele></trkpt>
   <trkpt lat="34.985957" lon="-120.435389"><ele>66.75</ele></trkpt>
   <trkpt lat="34.984851" lon="-120.435416"><ele>69.25</ele></trkpt>
   <trkpt lat="34.984615" lon="-120.435408"><ele>69.25</ele></trkpt>
   <trkpt lat="34.984263" lon="-120.435367"><ele>69.0</ele></trkpt>
   <trkpt lat="34.983607" lon="-120.435264"><ele>69.75</ele></trkpt>
   <trkpt lat="34.983364" lon="-120.435242"><ele>70.0</ele></trkpt>
   <trkpt lat="34.982917" lon="-120.435238"><ele>68.25</ele></trkpt>
   <trkpt lat="34.982368" lon="-120.435258"><ele>66.5</ele></trkpt>
   <trkpt lat="34.982307" lon="-120.435260"><ele>66.5</ele></trkpt>
   <trkpt lat="34.982143" lon="-120.435263"><ele>66.5</ele></trkpt>
   <trkpt lat="34.982039" lon="-120.435265"><ele>66.5</ele></trkpt>
   <trkpt lat="34.981147" lon="-120.435282"><ele>67.0</ele></trkpt>
   <trkpt lat="34.981082" lon="-120.435284"><ele>67.0</ele></trkpt>
   <trkpt lat="34.980457" lon="-120.435294"><ele>67.0</ele></trkpt>
   <trkpt lat="34.979869" lon="-120.435304"><ele>66.75</ele></trkpt>
   <trkpt lat="34.979648" lon="-120.435288"><ele>66.5</ele></trkpt>
   <trkpt lat="34.979444" lon="-120.435231"><ele>66.5</ele></trkpt>
   <trkpt lat="34.979389" lon="-120.435199"><ele>66.25</ele></trkpt>
   <trkpt lat="34.979311" lon="-120.435155"><ele>66.25</ele></trkpt>
   <trkpt lat="34.979272" lon="-120.435132"><ele>66.25</ele></trkpt>
   <trkpt lat="34.979159" lon="-120.435052"><ele>66.0</ele></trkpt>
   <trkpt lat="34.978980" lon="-120.434842"><ele>66.25</ele></trkpt>
   <trkpt lat="34.978863" lon="-120.434705"><ele>66.25</ele></trkpt>
   <trkpt lat="34.978766" lon="-120.434782"><ele>66.5</ele></trkpt>
   <trkpt lat="34.978410" lon="-120.435084"><ele>67.0</ele></trkpt>
   <trkpt lat="34.978235" lon="-120.435207"><ele>67.25</ele></trkpt>
   <trkpt lat="34.977942" lon="-120.435379"><ele>67.25</ele></trkpt>
   <trkpt lat="34.977800" lon="-120.435450"><ele>67.25</ele></trkpt>
   <trkpt lat="34.977693" lon="-120.435489"><ele>67.25</ele></trkpt>
   <trkpt lat="34.976972" lon="-120.435577"><ele>67.0</ele></trkpt>
   <trkpt lat="34.975877" lon="-120.435579"><ele>67.0</ele></trkpt>
   <trkpt lat="34.975803" lon="-120.435579"><ele>66.75</ele></trkpt>
   <trkpt lat="34.975490" lon="-120.435581"><ele>66.5</ele></trkpt>
   <trkpt lat="34.974968" lon="-120.435584"><ele>66.0</ele></trkpt>
   <trkpt lat="34.974836" lon="-120.435587"><ele>66.0</ele></trkpt>
   <trkpt lat="34.973882" lon="-120.435588"><ele>65.0</ele></trkpt>
   <trkpt lat="34.972861" lon="-120.435603"><ele>66.5</ele></trkpt>
   <trkpt lat="34.972770" lon="-120.435606"><ele>66.5</ele></trkpt>
   <trkpt lat="34.972676" lon="-120.435606"><ele>66.75</ele></trkpt>
   <trkpt lat="34.972399" lon="-120.435606"><ele>67.0</ele></trkpt>
   <trkpt lat="34.971870" lon="-120.435607"><ele>65.75</ele></trkpt>
   <trkpt lat="34.971515" lon="-120.435607"><ele>65.75</ele></trkpt>
   <trkpt lat="34.971250" lon="-120.435608"><ele>66.5</ele></trkpt>
   <trkpt lat="34.971066" lon="-120.435702"><ele>67.0</ele></trkpt>
   <trkpt lat="34.970941" lon="-120.435701"><ele>67.5</ele></trkpt>
   <trkpt lat="34.970627" lon="-120.435700"><ele>68.0</ele></trkpt>
   <trkpt lat="34.969958" lon="-120.435697"><ele>67.75</ele></trkpt>
   <trkpt lat="34.969877" lon="-120.435697"><ele>67.5</ele></trkpt>
   <trkpt lat="34.969796" lon="-120.435698"><ele>67.5</ele></trkpt>
   <trkpt lat="34.968867" lon="-120.435711"><ele>66.75</ele></trkpt>
   <trkpt lat="34.968203" lon="-120.435720"><ele>68.25</ele></trkpt>
   <trkpt lat="34.967837" lon="-120.435725"><ele>68.5</ele></trkpt>
   <trkpt lat="34.967763" lon="-120.435726"><ele>68.5</ele></trkpt>
   <trkpt lat="34.967762" lon="-120.435710"><ele>68.75</ele></trkpt>
   <trkpt lat="34.967763" lon="-120.435726"><ele>68.5</ele></trkpt>
   <trkpt lat="34.967680" lon="-120.435726"><ele>68.75</ele></trkpt>
   <trkpt lat="34.967602" lon="-120.435662"><ele>68.75</ele></trkpt>
   <trkpt lat="34.967048" lon="-120.435654"><ele>68.0</ele></trkpt>
   <trkpt lat="34.966882" lon="-120.435652"><ele>67.75</ele></trkpt>
   <trkpt lat="34.966519" lon="-120.435661"><ele>67.25</ele></trkpt>
   <trkpt lat="34.966326" lon="-120.435666"><ele>67.25</ele></trkpt>
   <trkpt lat="34.965902" lon="-120.435677"><ele>67.25</ele></trkpt>
   <trkpt lat="34.965900" lon="-120.435550"><ele>67.5</ele></trkpt>
   <trkpt lat="34.965895" lon="-120.435115"><ele>68.5</ele></trkpt>
   <trkpt lat="34.965876" lon="-120.433554"><ele>69.25</ele></trkpt>
   <trkpt lat="34.965873" lon="-120.433326"><ele>68.75</ele></trkpt>
   <trkpt lat="34.965866" lon="-120.432314"><ele>68.25</ele></trkpt>
   <trkpt lat="34.965858" lon="-120.431212"><ele>69.25</ele></trkpt>
   <trkpt lat="34.965139" lon="-120.431216"><ele>69.25</ele></trkpt>
   <trkpt lat="34.964412" lon="-120.431220"><ele>69.5</ele></trkpt>
   <trkpt lat="34.963217" lon="-120.431225"><ele>68.5</ele></trkpt>
   <trkpt lat="34.962240" lon="-120.431238"><ele>69.25</ele></trkpt>
   <trkpt lat="34.960425" lon="-120.431295"><ele>69.25</ele></trkpt>
   <trkpt lat="34.960334" lon="-120.431332"><ele>69.0</ele></trkpt>
   <trkpt lat="34.960291" lon="-120.431342"><ele>69.0</ele></trkpt>
   <trkpt lat="34.959981" lon="-120.431353"><ele>68.25</ele></trkpt>
   <trkpt lat="34.959539" lon="-120.431360"><ele>68.5</ele></trkpt>
   <trkpt lat="34.959029" lon="-120.431383"><ele>69.0</ele></trkpt>
   <trkpt lat="34.958552" lon="-120.431397"><ele>69.0</ele></trkpt>
   <trkpt lat="34.958024" lon="-120.431406"><ele>69.75</ele></trkpt>
   <trkpt lat="34.957537" lon="-120.431416"><ele>70.75</ele></trkpt>
   <trkpt lat="34.957035" lon="-120.431422"><ele>70.25</ele></trkpt>
   <trkpt lat="34.956480" lon="-120.431433"><ele>70.0</ele></trkpt>
   <trkpt lat="34.956122" lon="-120.431435"><ele>70.25</ele></trkpt>
   <trkpt lat="34.955930" lon="-120.431439"><ele>70.25</ele></trkpt>
   <trkpt lat="34.955852" lon="-120.431440"><ele>70.5</ele></trkpt>
   <trkpt lat="34.955742" lon="-120.431441"><ele>70.25</ele></trkpt>
   <trkpt lat="34.955379" lon="-120.431446"><ele>69.5</ele></trkpt>
   <trkpt lat="34.954835" lon="-120.431449"><ele>69.25</ele></trkpt>
   <trkpt lat="34.954529" lon="-120.431450"><ele>70.25</ele></trkpt>
   <trkpt lat="34.954397" lon="-120.431450"><ele>70.25</ele></trkpt>
   <trkpt lat="34.954278" lon="-120.431431"><ele>70.5</ele></trkpt>
   <trkpt lat="34.953766" lon="-120.431426"><ele>70.5</ele></trkpt>
   <trkpt lat="34.953728" lon="-120.431426"><ele>70.25</ele></trkpt>
   <trkpt lat="34.953564" lon="-120.431430"><ele>70.25</ele></trkpt>
   <trkpt lat="34.953315" lon="-120.431439"><ele>69.75</ele></trkpt>
   <trkpt lat="34.953287" lon="-120.431443"><ele>69.75</ele></trkpt>
   <trkpt lat="34.953208" lon="-120.431476"><ele>69.75</ele></trkpt>
   <trkpt lat="34.953077" lon="-120.431525"><ele>69.75</ele></trkpt>
   <trkpt lat="34.952995" lon="-120.431551"><ele>69.75</ele></trkpt>
   <trkpt lat="34.952853" lon="-120.431576"><ele>69.75</ele></trkpt>
   <trkpt lat="34.952025" lon="-120.431555"><ele>71.25</ele></trkpt>
   <trkpt lat="34.951018" lon="-120.431570"><ele>72.5</ele></trkpt>
   <trkpt lat="34.950032" lon="-120.431547"><ele>70.75</ele></trkpt>
   <trkpt lat="34.950002" lon="-120.431545"><ele>70.5</ele></trkpt>
   <trkpt lat="34.949933" lon="-120.431544"><ele>70.5</ele></trkpt>
   <trkpt lat="34.949828" lon="-120.431545"><ele>70.25</ele></trkpt>
   <trkpt lat="34.949774" lon="-120.431545"><ele>70.0</ele></trkpt>
   <trkpt lat="34.949391" lon="-120.431547"><ele>69.25</ele></trkpt>
   <trkpt lat="34.949235" lon="-120.431547"><ele>69.0</ele></trkpt>
   <trkpt lat="34.948900" lon="-120.431548"><ele>69.75</ele></trkpt>
   <trkpt lat="34.948452" lon="-120.431550"><ele>71.5</ele></trkpt>
   <trkpt lat="34.948397" lon="-120.431550"><ele>71.75</ele></trkpt>
   <trkpt lat="34.947905" lon="-120.431552"><ele>71.25</ele></trkpt>
   <trkpt lat="34.947412" lon="-120.431552"><ele>70.25</ele></trkpt>
   <trkpt lat="34.946901" lon="-120.431550"><ele>70.0</ele></trkpt>
   <trkpt lat="34.946795" lon="-120.431550"><ele>70.0</ele></trkpt>
   <trkpt lat="34.946074" lon="-120.431538"><ele>70.5</ele></trkpt>
   <trkpt lat="34.945252" lon="-120.431553"><ele>72.25</ele></trkpt>
   <trkpt lat="34.944867" lon="-120.431532"><ele>72.5</ele></trkpt>
   <trkpt lat="34.944623" lon="-120.431487"><ele>72.0</ele></trkpt>
   <trkpt lat="34.944420" lon="-120.431479"><ele>71.5</ele></trkpt>
   <trkpt lat="34.944416" lon="-120.431392"><ele>71.75</ele></trkpt>
   <trkpt lat="34.944574" lon="-120.431392"><ele>72.0</ele></trkpt>
   <trkpt lat="34.944621" lon="-120.431399"><ele>72.5</ele></trkpt>
   <trkpt lat="34.944876" lon="-120.431435"><ele>72.5</ele></trkpt>
   <trkpt lat="34.945250" lon="-120.431452"><ele>72.25</ele></trkpt>
   <trkpt lat="34.945252" lon="-120.431553"><ele>72.25</ele></trkpt>
   <trkpt lat="34.944867" lon="-120.431532"><ele>72.5</ele></trkpt>
   <trkpt lat="34.944623" lon="-120.431487"><ele>72.0</ele></trkpt>
   <trkpt lat="34.944420" lon="-120.431479"><ele>71.5</ele></trkpt>
   <trkpt lat="34.943085" lon="-120.431511"><ele>70.25</ele></trkpt>
   <trkpt lat="34.942530" lon="-120.431541"><ele>70.75</ele></trkpt>
   <trkpt lat="34.941770" lon="-120.431567"><ele>71.0</ele></trkpt>
   <trkpt lat="34.941706" lon="-120.431570"><ele>71.0</ele></trkpt>
   <trkpt lat="34.941637" lon="-120.431570"><ele>71.0</ele></trkpt>
   <trkpt lat="34.940797" lon="-120.431583"><ele>71.0</ele></trkpt>
   <trkpt lat="34.939863" lon="-120.431603"><ele>71.75</ele></trkpt>
   <trkpt lat="34.939113" lon="-120.431626"><ele>70.75</ele></trkpt>
   <trkpt lat="34.938577" lon="-120.431648"><ele>70.75</ele></trkpt>
   <trkpt lat="34.938473" lon="-120.431649"><ele>70.75</ele></trkpt>
   <trkpt lat="34.938361" lon="-120.431650"><ele>70.75</ele></trkpt>
   <trkpt lat="34.937844" lon="-120.431650"><ele>70.75</ele></trkpt>
   <trkpt lat="34.937393" lon="-120.431650"><ele>71.0</ele></trkpt>
   <trkpt lat="34.936647" lon="-120.431675"><ele>71.0</ele></trkpt>
   <trkpt lat="34.935168" lon="-120.431679"><ele>71.75</ele></trkpt>
   <trkpt lat="34.934169" lon="-120.431692"><ele>71.0</ele></trkpt>
   <trkpt lat="34.934149" lon="-120.431553"><ele>71.0</ele></trkpt>
   <trkpt lat="34.934980" lon="-120.431554"><ele>72.0</ele></trkpt>
   <trkpt lat="34.935206" lon="-120.431554"><ele>72.0</ele></trkpt>
   <trkpt lat="34.936646" lon="-120.431559"><ele>71.0</ele></trkpt>
   <trkpt lat="34.936647" lon="-120.431675"><ele>71.0</ele></trkpt>
   <trkpt lat="34.935168" lon="-120.431679"><ele>71.75</ele></trkpt>
   <trkpt lat="34.934169" lon="-120.431692"><ele>71.0</ele></trkpt>
   <trkpt lat="34.934050" lon="-120.431698"><ele>71.0</ele></trkpt>
   <trkpt lat="34.933931" lon="-120.431703"><ele>71.25</ele></trkpt>
   <trkpt lat="34.932070" lon="-120.431813"><ele>70.0</ele></trkpt>
   <trkpt lat="34.931547" lon="-120.431834"><ele>70.25</ele></trkpt>
   <trkpt lat="34.931433" lon="-120.431839"><ele>70.25</ele></trkpt>
   <trkpt lat="34.931309" lon="-120.431842"><ele>70.25</ele></trkpt>
   <trkpt lat="34.930632" lon="-120.431861"><ele>70.75</ele></trkpt>
   <trkpt lat="34.929900" lon="-120.431863"><ele>70.75</ele></trkpt>
   <trkpt lat="34.929822" lon="-120.431863"><ele>71.0</ele></trkpt>
   <trkpt lat="34.928416" lon="-120.431790"><ele>72.75</ele></trkpt>
   <trkpt lat="34.927530" lon="-120.431769"><ele>73.5</ele></trkpt>
   <trkpt lat="34.926680" lon="-120.431774"><ele>73.5</ele></trkpt>
   <trkpt lat="34.926566" lon="-120.431776"><ele>73.5</ele></trkpt>
   <trkpt lat="34.926454" lon="-120.431780"><ele>73.25</ele></trkpt>
   <trkpt lat="34.925245" lon="-120.431811"><ele>72.25</ele></trkpt>
   <trkpt lat="34.924258" lon="-120.431828"><ele>73.75</ele></trkpt>
   <trkpt lat="34.924007" lon="-120.431817"><ele>74.5</ele></trkpt>
   <trkpt lat="34.923854" lon="-120.431803"><ele>75.0</ele></trkpt>
   <trkpt lat="34.923674" lon="-120.431769"><ele>75.75</ele></trkpt>
   <trkpt lat="34.923455" lon="-120.431716"><ele>76.5</ele></trkpt>
   <trkpt lat="34.923314" lon="-120.431671"><ele>76.75</ele></trkpt>
   <trkpt lat="34.923141" lon="-120.431604"><ele>76.75</ele></trkpt>
   <trkpt lat="34.922653" lon="-120.431392"><ele>76.75</ele></trkpt>
   <trkpt lat="34.922557" lon="-120.431331"><ele>77.0</ele></trkpt>
   <trkpt lat="34.922411" lon="-120.431270"><ele>77.5</ele></trkpt>
   <trkpt lat="34.922339" lon="-120.431239"><ele>77.75</ele></trkpt>
   <trkpt lat="34.921920" lon="-120.431063"><ele>79.25</ele></trkpt>
   <trkpt lat="34.921838" lon="-120.431036"><ele>79.75</ele></trkpt>
   <trkpt lat="34.921792" lon="-120.431020"><ele>79.75</ele></trkpt>
   <trkpt lat="34.921639" lon="-120.430981"><ele>80.25</ele></trkpt>
   <trkpt lat="34.921418" lon="-120.430944"><ele>80.25</ele></trkpt>
   <trkpt lat="34.921259" lon="-120.430935"><ele>80.25</ele></trkpt>
   <trkpt lat="34.921093" lon="-120.430936"><ele>80.0</ele></trkpt>
   <trkpt lat="34.920971" lon="-120.430946"><ele>80.0</ele></trkpt>
   <trkpt lat="34.920865" lon="-120.430964"><ele>80.0</ele></trkpt>
   <trkpt lat="34.920669" lon="-120.431013"><ele>80.0</ele></trkpt>
   <trkpt lat="34.919336" lon="-120.431456"><ele>79.75</ele></trkpt>
   <trkpt lat="34.918992" lon="-120.431525"><ele>79.25</ele></trkpt>
   <trkpt lat="34.918749" lon="-120.431553"><ele>78.75</ele></trkpt>
   <trkpt lat="34.918658" lon="-120.431556"><ele>78.75</ele></trkpt>
   <trkpt lat="34.916668" lon="-120.431570"><ele>78.75</ele></trkpt>
   <trkpt lat="34.916541" lon="-120.431571"><ele>79.0</ele></trkpt>
   <trkpt lat="34.916544" lon="-120.431668"><ele>79.0</ele></trkpt>
   <trkpt lat="34.916564" lon="-120.432485"><ele>79.5</ele></trkpt>
   <trkpt lat="34.916625" lon="-120.433152"><ele>78.25</ele></trkpt>
   <trkpt lat="34.916629" lon="-120.433199"><ele>78.25</ele></trkpt>
   <trkpt lat="34.916634" lon="-120.433260"><ele>78.0</ele></trkpt>
   <trkpt lat="34.916637" lon="-120.433321"><ele>78.25</ele></trkpt>
   <trkpt lat="34.916647" lon="-120.433516"><ele>78.25</ele></trkpt>
   <trkpt lat="34.916656" lon="-120.433860"><ele>79.25</ele></trkpt>
   <trkpt lat="34.916666" lon="-120.434684"><ele>79.25</ele></trkpt>
   <trkpt lat="34.916667" lon="-120.434714"><ele>79.25</ele></trkpt>
   <trkpt lat="34.916660" lon="-120.435278"><ele>78.25</ele></trkpt>
   <trkpt lat="34.916665" lon="-120.435799"><ele>77.0</ele></trkpt>
   <trkpt lat="34.916666" lon="-120.435939"><ele>77.25</ele></trkpt>
   <trkpt lat="34.916669" lon="-120.436157"><ele>77.75</ele></trkpt>
   <trkpt lat="34.916666" lon="-120.436290"><ele>78.0</ele></trkpt>
   <trkpt lat="34.916672" lon="-120.437083"><ele>78.75</ele></trkpt>
   <trkpt lat="34.916672" lon="-120.437139"><ele>78.75</ele></trkpt>
   <trkpt lat="34.916672" lon="-120.437187"><ele>78.75</ele></trkpt>
   <trkpt lat="34.916680" lon="-120.438333"><ele>77.75</ele></trkpt>
   <trkpt lat="34.916701" lon="-120.438943"><ele>77.0</ele></trkpt>
   <trkpt lat="34.916713" lon="-120.440033"><ele>76.75</ele></trkpt>
   <trkpt lat="34.916713" lon="-120.440066"><ele>76.75</ele></trkpt>
   <trkpt lat="34.916713" lon="-120.440881"><ele>75.75</ele></trkpt>
   <trkpt lat="34.916728" lon="-120.441193"><ele>75.25</ele></trkpt>
   <trkpt lat="34.916728" lon="-120.441830"><ele>74.75</ele></trkpt>
   <trkpt lat="34.916728" lon="-120.443521"><ele>74.0</ele></trkpt>
   <trkpt lat="34.916739" lon="-120.444332"><ele>74.5</ele></trkpt>
   <trkpt lat="34.916734" lon="-120.444951"><ele>74.75</ele></trkpt>
   <trkpt lat="34.916734" lon="-120.445004"><ele>74.75</ele></trkpt>
   <trkpt lat="34.916615" lon="-120.445010"><ele>75.0</ele></trkpt>
   <trkpt lat="34.916558" lon="-120.445044"><ele>75.0</ele></trkpt>
   <trkpt lat="34.916527" lon="-120.445054"><ele>75.0</ele></trkpt>
   <trkpt lat="34.916457" lon="-120.445015"><ele>75.25</ele></trkpt>
   <trkpt lat="34.915031" lon="-120.445068"><ele>72.75</ele></trkpt>
   <trkpt lat="34.914778" lon="-120.445093"><ele>73.0</ele></trkpt>
   <trkpt lat="34.914428" lon="-120.445126"><ele>73.5</ele></trkpt>
   <trkpt lat="34.913638" lon="-120.445162"><ele>75.75</ele></trkpt>
   <trkpt lat="34.912799" lon="-120.445153"><ele>77.5</ele></trkpt>
   <trkpt lat="34.912754" lon="-120.445158"><ele>77.5</ele></trkpt>
   <trkpt lat="34.912726" lon="-120.445185"><ele>77.5</ele></trkpt>
   <trkpt lat="34.912689" lon="-120.445190"><ele>77.75</ele></trkpt>
   <trkpt lat="34.912649" lon="-120.445189"><ele>77.75</ele></trkpt>
   <trkpt lat="34.912607" lon="-120.445160"><ele>77.75</ele></trkpt>
   <trkpt lat="34.912577" lon="-120.445151"><ele>77.75</ele></trkpt>
   <trkpt lat="34.911251" lon="-120.445175"><ele>79.0</ele></trkpt>
   <trkpt lat="34.911125" lon="-120.445183"><ele>79.0</ele></trkpt>
   <trkpt lat="34.911002" lon="-120.445205"><ele>79.25</ele></trkpt>
   <trkpt lat="34.910751" lon="-120.445268"><ele>78.75</ele></trkpt>
   <trkpt lat="34.910627" lon="-120.445285"><ele>78.25</ele></trkpt>
   <trkpt lat="34.907676" lon="-120.445336"><ele>76.25</ele></trkpt>
   <trkpt lat="34.907329" lon="-120.445339"><ele>81.25</ele></trkpt>
   <trkpt lat="34.904836" lon="-120.445354"><ele>81.25</ele></trkpt>
   <trkpt lat="34.901826" lon="-120.445381"><ele>76.75</ele></trkpt>
   <trkpt lat="34.901744" lon="-120.445366"><ele>77.0</ele></trkpt>
   <trkpt lat="34.901510" lon="-120.445274"><ele>77.0</ele></trkpt>
   <trkpt lat="34.900343" lon="-120.445281"><ele>77.5</ele></trkpt>
   <trkpt lat="34.900137" lon="-120.445268"><ele>78.25</ele></trkpt>
   <trkpt lat="34.900023" lon="-120.445221"><ele>78.5</ele></trkpt>
   <trkpt lat="34.899941" lon="-120.445160"><ele>78.75</ele></trkpt>
   <trkpt lat="34.899738" lon="-120.444862"><ele>79.0</ele></trkpt>
   <trkpt lat="34.899669" lon="-120.444789"><ele>79.0</ele></trkpt>
   <trkpt lat="34.899604" lon="-120.444738"><ele>79.25</ele></trkpt>
   <trkpt lat="34.899549" lon="-120.444716"><ele>79.25</ele></trkpt>
   <trkpt lat="34.899494" lon="-120.444687"><ele>79.25</ele></trkpt>
   <trkpt lat="34.899454" lon="-120.444653"><ele>79.5</ele></trkpt>
   <trkpt lat="34.899445" lon="-120.444645"><ele>79.5</ele></trkpt>
   <trkpt lat="34.899429" lon="-120.444653"><ele>79.5</ele></trkpt>
   <trkpt lat="34.899411" lon="-120.444663"><ele>79.5</ele></trkpt>
   <trkpt lat="34.899345" lon="-120.444722"><ele>79.5</ele></trkpt>
   <trkpt lat="34.899081" lon="-120.445073"><ele>80.0</ele></trkpt>
   <trkpt lat="34.898998" lon="-120.445171"><ele>80.0</ele></trkpt>
   <trkpt lat="34.898939" lon="-120.445241"><ele>80.0</ele></trkpt>
   <trkpt lat="34.898829" lon="-120.445109"><ele>80.25</ele></trkpt>
   <trkpt lat="34.898498" lon="-120.444724"><ele>80.75</ele></trkpt>
   <trkpt lat="34.898432" lon="-120.444687"><ele>80.75</ele></trkpt>
   <trkpt lat="34.898353" lon="-120.444613"><ele>80.75</ele></trkpt>
   <trkpt lat="34.898047" lon="-120.444232"><ele>80.75</ele></trkpt>
   <trkpt lat="34.897990" lon="-120.444151"><ele>81.0</ele></trkpt>
   <trkpt lat="34.897650" lon="-120.443757"><ele>81.0</ele></trkpt>
   <trkpt lat="34.897100" lon="-120.443125"><ele>81.75</ele></trkpt>
   <trkpt lat="34.897028" lon="-120.443074"><ele>82.0</ele></trkpt>
   <trkpt lat="34.896949" lon="-120.443005"><ele>82.25</ele></trkpt>
   <trkpt lat="34.896897" lon="-120.442939"><ele>82.25</ele></trkpt>
   <trkpt lat="34.896821" lon="-120.442810"><ele>82.5</ele></trkpt>
   <trkpt lat="34.896776" lon="-120.442758"><ele>82.5</ele></trkpt>
   <trkpt lat="34.896664" lon="-120.442673"><ele>82.75</ele></trkpt>
   <trkpt lat="34.896605" lon="-120.442613"><ele>82.75</ele></trkpt>
   <trkpt lat="34.896485" lon="-120.442429"><ele>82.75</ele></trkpt>
   <trkpt lat="34.896432" lon="-120.442373"><ele>82.75</ele></trkpt>
   <trkpt lat="34.896326" lon="-120.442293"><ele>82.5</ele></trkpt>
   <trkpt lat="34.896177" lon="-120.442125"><ele>82.25</ele></trkpt>
   <trkpt lat="34.896054" lon="-120.441983"><ele>81.75</ele></trkpt>
   <trkpt lat="34.895994" lon="-120.441879"><ele>81.5</ele></trkpt>
   <trkpt lat="34.895939" lon="-120.441808"><ele>81.5</ele></trkpt>
   <trkpt lat="34.895887" lon="-120.441757"><ele>81.25</ele></trkpt>
   <trkpt lat="34.895812" lon="-120.441708"><ele>81.0</ele></trkpt>
   <trkpt lat="34.895754" lon="-120.441648"><ele>81.25</ele></trkpt>
   <trkpt lat="34.895701" lon="-120.441567"><ele>81.5</ele></trkpt>
   <trkpt lat="34.895663" lon="-120.441492"><ele>82.0</ele></trkpt>
   <trkpt lat="34.895602" lon="-120.441424"><ele>82.25</ele></trkpt>
   <trkpt lat="34.895461" lon="-120.441315"><ele>82.75</ele></trkpt>
   <trkpt lat="34.895405" lon="-120.441251"><ele>82.75</ele></trkpt>
   <trkpt lat="34.895359" lon="-120.441179"><ele>83.0</ele></trkpt>
   <trkpt lat="34.895318" lon="-120.441097"><ele>83.25</ele></trkpt>
   <trkpt lat="34.895217" lon="-120.440981"><ele>83.25</ele></trkpt>
   <trkpt lat="34.895157" lon="-120.440936"><ele>83.25</ele></trkpt>
   <trkpt lat="34.895054" lon="-120.440807"><ele>83.0</ele></trkpt>
   <trkpt lat="34.895016" lon="-120.440738"><ele>83.0</ele></trkpt>
   <trkpt lat="34.894995" lon="-120.440673"><ele>83.0</ele></trkpt>
   <trkpt lat="34.894924" lon="-120.440539"><ele>83.5</ele></trkpt>
   <trkpt lat="34.894895" lon="-120.440490"><ele>83.75</ele></trkpt>
   <trkpt lat="34.894822" lon="-120.440401"><ele>84.25</ele></trkpt>
   <trkpt lat="34.894770" lon="-120.440296"><ele>84.5</ele></trkpt>
   <trkpt lat="34.894733" lon="-120.440206"><ele>85.0</ele></trkpt>
   <trkpt lat="34.894681" lon="-120.440027"><ele>85.25</ele></trkpt>
   <trkpt lat="34.894639" lon="-120.439932"><ele>85.75</ele></trkpt>
   <trkpt lat="34.894583" lon="-120.439847"><ele>86.0</ele></trkpt>
   <trkpt lat="34.894548" lon="-120.439734"><ele>86.25</ele></trkpt>
   <trkpt lat="34.894499" lon="-120.439506"><ele>86.75</ele></trkpt>
   <trkpt lat="34.894457" lon="-120.439245"><ele>87.0</ele></trkpt>
   <trkpt lat="34.894422" lon="-120.439167"><ele>87.25</ele></trkpt>
   <trkpt lat="34.894382" lon="-120.438875"><ele>87.25</ele></trkpt>
   <trkpt lat="34.894369" lon="-120.438462"><ele>87.0</ele></trkpt>
   <trkpt lat="34.894382" lon="-120.438127"><ele>86.75</ele></trkpt>
   <trkpt lat="34.894370" lon="-120.437372"><ele>86.75</ele></trkpt>
   <trkpt lat="34.894368" lon="-120.436956"><ele>87.25</ele></trkpt>
   <trkpt lat="34.894342" lon="-120.436907"><ele>87.5</ele></trkpt>
   <trkpt lat="34.894299" lon="-120.436883"><ele>87.5</ele></trkpt>
   <trkpt lat="34.894244" lon="-120.436876"><ele>87.5</ele></trkpt>
   <trkpt lat="34.888143" lon="-120.436898"><ele>92.0</ele></trkpt>
   <trkpt lat="34.883849" lon="-120.436909"><ele>100.75</ele></trkpt>
   <trkpt lat="34.883728" lon="-120.436927"><ele>101.0</ele></trkpt>
   <trkpt lat="34.883651" lon="-120.437006"><ele>101.25</ele></trkpt>
   <trkpt lat="34.883611" lon="-120.437125"><ele>101.25</ele></trkpt>
   <trkpt lat="34.883613" lon="-120.437277"><ele>101.25</ele></trkpt>
   <trkpt lat="34.883604" lon="-120.437411"><ele>101.25</ele></trkpt>
   <trkpt lat="34.883573" lon="-120.437532"><ele>101.25</ele></trkpt>
   <trkpt lat="34.883471" lon="-120.437786"><ele>100.25</ele></trkpt>
   <trkpt lat="34.883457" lon="-120.437924"><ele>99.25</ele></trkpt>
   <trkpt lat="34.883476" lon="-120.438070"><ele>98.25</ele></trkpt>
   <trkpt lat="34.883533" lon="-120.438331"><ele>96.5</ele></trkpt>
   <trkpt lat="34.883554" lon="-120.438459"><ele>96.75</ele></trkpt>
   <trkpt lat="34.883545" lon="-120.438549"><ele>97.25</ele></trkpt>
   <trkpt lat="34.883521" lon="-120.438607"><ele>97.5</ele></trkpt>
   <trkpt lat="34.883484" lon="-120.438649"><ele>97.75</ele></trkpt>
   <trkpt lat="34.883435" lon="-120.438682"><ele>98.0</ele></trkpt>
   <trkpt lat="34.883315" lon="-120.438739"><ele>98.75</ele></trkpt>
   <trkpt lat="34.883256" lon="-120.438711"><ele>98.75</ele></trkpt>
   <trkpt lat="34.883147" lon="-120.438214"><ele>98.25</ele></trkpt>
   <trkpt lat="34.883105" lon="-120.437911"><ele>100.25</ele></trkpt>
   <trkpt lat="34.883090" lon="-120.437582"><ele>102.5</ele></trkpt>
   <trkpt lat="34.883078" lon="-120.436963"><ele>103.0</ele></trkpt>
   <trkpt lat="34.883078" lon="-120.436788"><ele>102.75</ele></trkpt>
   <trkpt lat="34.883079" lon="-120.436660"><ele>102.75</ele></trkpt>
   <trkpt lat="34.883080" lon="-120.436508"><ele>102.5</ele></trkpt>
   <trkpt lat="34.883080" lon="-120.436422"><ele>102.5</ele></trkpt>
   <trkpt lat="34.883080" lon="-120.436118"><ele>102.0</ele></trkpt>
   <trkpt lat="34.882974" lon="-120.436118"><ele>102.25</ele></trkpt>
   <trkpt lat="34.882676" lon="-120.436167"><ele>103.25</ele></trkpt>
   <trkpt lat="34.882532" lon="-120.436219"><ele>103.75</ele></trkpt>
   <trkpt lat="34.882322" lon="-120.436252"><ele>104.25</ele></trkpt>
   <trkpt lat="34.881859" lon="-120.436266"><ele>105.0</ele></trkpt>
   <trkpt lat="34.881609" lon="-120.436260"><ele>105.25</ele></trkpt>
   <trkpt lat="34.881489" lon="-120.436243"><ele>105.25</ele></trkpt>
   <trkpt lat="34.881375" lon="-120.436214"><ele>105.0</ele></trkpt>
   <trkpt lat="34.881157" lon="-120.436102"><ele>105.0</ele></trkpt>
   <trkpt lat="34.880975" lon="-120.435963"><ele>105.0</ele></trkpt>
   <trkpt lat="34.880775" lon="-120.435716"><ele>105.25</ele></trkpt>
   <trkpt lat="34.880544" lon="-120.435383"><ele>106.75</ele></trkpt>
   <trkpt lat="34.880243" lon="-120.435129"><ele>108.0</ele></trkpt>
   <trkpt lat="34.880077" lon="-120.435055"><ele>108.5</ele></trkpt>
   <trkpt lat="34.879892" lon="-120.435008"><ele>109.25</ele></trkpt>
   <trkpt lat="34.879712" lon="-120.435009"><ele>110.0</ele></trkpt>
   <trkpt lat="34.879614" lon="-120.435010"><ele>110.25</ele></trkpt>
   <trkpt lat="34.879549" lon="-120.435011"><ele>110.5</ele></trkpt>
   <trkpt lat="34.879484" lon="-120.435017"><ele>110.75</ele></trkpt>
   <trkpt lat="34.879386" lon="-120.435028"><ele>111.0</ele></trkpt>
   <trkpt lat="34.879186" lon="-120.435050"><ele>111.5</ele></trkpt>
   <trkpt lat="34.878967" lon="-120.435096"><ele>112.0</ele></trkpt>
   <trkpt lat="34.878534" lon="-120.435298"><ele>112.0</ele></trkpt>
   <trkpt lat="34.878380" lon="-120.435448"><ele>111.5</ele></trkpt>
   <trkpt lat="34.878117" lon="-120.435745"><ele>111.75</ele></trkpt>
   <trkpt lat="34.877861" lon="-120.436007"><ele>113.25</ele></trkpt>
   <trkpt lat="34.877520" lon="-120.436209"><ele>115.25</ele></trkpt>
   <trkpt lat="34.877333" lon="-120.436265"><ele>115.0</ele></trkpt>
   <trkpt lat="34.877128" lon="-120.436289"><ele>114.75</ele></trkpt>
   <trkpt lat="34.876667" lon="-120.436290"><ele>114.0</ele></trkpt>
   <trkpt lat="34.875460" lon="-120.436295"><ele>113.0</ele></trkpt>
   <trkpt lat="34.874561" lon="-120.436306"><ele>114.0</ele></trkpt>
   <trkpt lat="34.872309" lon="-120.436324"><ele>113.75</ele></trkpt>
   <trkpt lat="34.871323" lon="-120.436340"><ele>113.75</ele></trkpt>
   <trkpt lat="34.870309" lon="-120.436360"><ele>114.5</ele></trkpt>
   <trkpt lat="34.868773" lon="-120.436296"><ele>115.75</ele></trkpt>
   <trkpt lat="34.867289" lon="-120.436239"><ele>114.5</ele></trkpt>
   <trkpt lat="34.867204" lon="-120.436235"><ele>114.5</ele></trkpt>
   <trkpt lat="34.866993" lon="-120.436196"><ele>115.0</ele></trkpt>
   <trkpt lat="34.866816" lon="-120.436152"><ele>115.25</ele></trkpt>
   <trkpt lat="34.866618" lon="-120.436079"><ele>115.5</ele></trkpt>
   <trkpt lat="34.866182" lon="-120.435882"><ele>115.5</ele></trkpt>
   <trkpt lat="34.865236" lon="-120.435436"><ele>113.5</ele></trkpt>
   <trkpt lat="34.865068" lon="-120.435403"><ele>112.75</ele></trkpt>
   <trkpt lat="34.864925" lon="-120.435377"><ele>112.25</ele></trkpt>
   <trkpt lat="34.864896" lon="-120.435373"><ele>112.0</ele></trkpt>
   <trkpt lat="34.864709" lon="-120.435414"><ele>111.75</ele></trkpt>
   <trkpt lat="34.864625" lon="-120.435433"><ele>111.5</ele></trkpt>
   <trkpt lat="34.864556" lon="-120.435449"><ele>111.5</ele></trkpt>
   <trkpt lat="34.864443" lon="-120.435490"><ele>111.25</ele></trkpt>
   <trkpt lat="34.864333" lon="-120.435551"><ele>111.25</ele></trkpt>
   <trkpt lat="34.864157" lon="-120.435688"><ele>111.5</ele></trkpt>
   <trkpt lat="34.863797" lon="-120.435964"><ele>113.75</ele></trkpt>
   <trkpt lat="34.863665" lon="-120.436050"><ele>114.25</ele></trkpt>
   <trkpt lat="34.863491" lon="-120.436145"><ele>115.0</ele></trkpt>
   <trkpt lat="34.863314" lon="-120.436221"><ele>116.0</ele></trkpt>
   <trkpt lat="34.863165" lon="-120.436274"><ele>116.0</ele></trkpt>
   <trkpt lat="34.863017" lon="-120.436316"><ele>116.25</ele></trkpt>
   <trkpt lat="34.862859" lon="-120.436350"><ele>116.25</ele></trkpt>
   <trkpt lat="34.862640" lon="-120.436375"><ele>116.25</ele></trkpt>
   <trkpt lat="34.862354" lon="-120.436389"><ele>116.75</ele></trkpt>
   <trkpt lat="34.861790" lon="-120.436403"><ele>118.75</ele></trkpt>
   <trkpt lat="34.861372" lon="-120.436387"><ele>119.25</ele></trkpt>
   <trkpt lat="34.860977" lon="-120.436390"><ele>119.5</ele></trkpt>
   <trkpt lat="34.860252" lon="-120.436401"><ele>118.0</ele></trkpt>
   <trkpt lat="34.859802" lon="-120.436410"><ele>116.75</ele></trkpt>
   <trkpt lat="34.859680" lon="-120.436403"><ele>116.25</ele></trkpt>
   <trkpt lat="34.859583" lon="-120.436391"><ele>116.0</ele></trkpt>
   <trkpt lat="34.859325" lon="-120.436317"><ele>115.5</ele></trkpt>
   <trkpt lat="34.859235" lon="-120.436301"><ele>115.25</ele></trkpt>
   <trkpt lat="34.859136" lon="-120.436298"><ele>115.0</ele></trkpt>
   <trkpt lat="34.859029" lon="-120.436308"><ele>114.75</ele></trkpt>
   <trkpt lat="34.858620" lon="-120.436371"><ele>113.75</ele></trkpt>
   <trkpt lat="34.858562" lon="-120.436378"><ele>113.5</ele></trkpt>
   <trkpt lat="34.858468" lon="-120.436389"><ele>113.5</ele></trkpt>
   <trkpt lat="34.858273" lon="-120.436451"><ele>113.5</ele></trkpt>
   <trkpt lat="34.858190" lon="-120.436492"><ele>113.75</ele></trkpt>
   <trkpt lat="34.858045" lon="-120.436579"><ele>114.5</ele></trkpt>
   <trkpt lat="34.857938" lon="-120.436669"><ele>115.25</ele></trkpt>
   <trkpt lat="34.857904" lon="-120.436714"><ele>115.25</ele></trkpt>
   <trkpt lat="34.857803" lon="-120.436849"><ele>115.75</ele></trkpt>
   <trkpt lat="34.857708" lon="-120.437033"><ele>116.0</ele></trkpt>
   <trkpt lat="34.857653" lon="-120.437183"><ele>116.0</ele></trkpt>
   <trkpt lat="34.857607" lon="-120.437379"><ele>116.25</ele></trkpt>
   <trkpt lat="34.857592" lon="-120.437668"><ele>116.0</ele></trkpt>
   <trkpt lat="34.857602" lon="-120.438531"><ele>115.25</ele></trkpt>
   <trkpt lat="34.857610" lon="-120.438899"><ele>115.5</ele></trkpt>
   <trkpt lat="34.857617" lon="-120.439337"><ele>115.5</ele></trkpt>
   <trkpt lat="34.857646" lon="-120.439795"><ele>115.5</ele></trkpt>
   <trkpt lat="34.857651" lon="-120.439887"><ele>115.5</ele></trkpt>
   <trkpt lat="34.857679" lon="-120.440351"><ele>115.0</ele></trkpt>
   <trkpt lat="34.857677" lon="-120.440926"><ele>114.5</ele></trkpt>
   <trkpt lat="34.857690" lon="-120.441416"><ele>113.0</ele></trkpt>
   <trkpt lat="34.857761" lon="-120.442733"><ele>110.5</ele></trkpt>
   <trkpt lat="34.857782" lon="-120.443918"><ele>108.75</ele></trkpt>
   <trkpt lat="34.857781" lon="-120.444688"><ele>107.5</ele></trkpt>
   <trkpt lat="34.857781" lon="-120.444775"><ele>107.25</ele></trkpt>
   <trkpt lat="34.857777" lon="-120.445106"><ele>106.25</ele></trkpt>
   <trkpt lat="34.857753" lon="-120.445485"><ele>105.75</ele></trkpt>
   <trkpt lat="34.857688" lon="-120.445929"><ele>105.0</ele></trkpt>
   <trkpt lat="34.857598" lon="-120.446387"><ele>103.25</ele></trkpt>
   <trkpt lat="34.857436" lon="-120.446976"><ele>103.25</ele></trkpt>
   <trkpt lat="34.857265" lon="-120.447446"><ele>106.25</ele></trkpt>
   <trkpt lat="34.857013" lon="-120.448003"><ele>109.5</ele></trkpt>
   <trkpt lat="34.856733" lon="-120.448525"><ele>108.0</ele></trkpt>
   <trkpt lat="34.856392" lon="-120.449058"><ele>104.25</ele></trkpt>
   <trkpt lat="34.856141" lon="-120.449409"><ele>103.25</ele></trkpt>
   <trkpt lat="34.855781" lon="-120.449824"><ele>102.75</ele></trkpt>
   <trkpt lat="34.855481" lon="-120.450131"><ele>102.75</ele></trkpt>
   <trkpt lat="34.855164" lon="-120.450420"><ele>103.25</ele></trkpt>
   <trkpt lat="34.854710" lon="-120.450771"><ele>103.5</ele></trkpt>
   <trkpt lat="34.854355" lon="-120.451007"><ele>104.75</ele></trkpt>
   <trkpt lat="34.854025" lon="-120.451199"><ele>106.0</ele></trkpt>
   <trkpt lat="34.853699" lon="-120.451366"><ele>107.0</ele></trkpt>
   <trkpt lat="34.853344" lon="-120.451513"><ele>108.25</ele></trkpt>
   <trkpt lat="34.852926" lon="-120.451657"><ele>108.75</ele></trkpt>
   <trkpt lat="34.852576" lon="-120.451746"><ele>109.25</ele></trkpt>
   <trkpt lat="34.852127" lon="-120.451829"><ele>111.0</ele></trkpt>
   <trkpt lat="34.851760" lon="-120.451868"><ele>112.5</ele></trkpt>
   <trkpt lat="34.851381" lon="-120.451895"><ele>113.0</ele></trkpt>
   <trkpt lat="34.850979" lon="-120.451898"><ele>113.0</ele></trkpt>
   <trkpt lat="34.850459" lon="-120.451886"><ele>113.5</ele></trkpt>
   <trkpt lat="34.849130" lon="-120.451808"><ele>118.0</ele></trkpt>
   <trkpt lat="34.848765" lon="-120.451786"><ele>118.0</ele></trkpt>
   <trkpt lat="34.847424" lon="-120.451619"><ele>121.25</ele></trkpt>
   <trkpt lat="34.846442" lon="-120.451478"><ele>124.5</ele></trkpt>
   <trkpt lat="34.845305" lon="-120.451339"><ele>127.0</ele></trkpt>
   <trkpt lat="34.844925" lon="-120.451307"><ele>127.5</ele></trkpt>
   <trkpt lat="34.843174" lon="-120.451205"><ele>129.25</ele></trkpt>
   <trkpt lat="34.842259" lon="-120.451138"><ele>130.75</ele></trkpt>
   <trkpt lat="34.841778" lon="-120.451113"><ele>130.75</ele></trkpt>
   <trkpt lat="34.839826" lon="-120.450970"><ele>138.0</ele></trkpt>
   <trkpt lat="34.838413" lon="-120.450875"><ele>139.0</ele></trkpt>
   <trkpt lat="34.837440" lon="-120.450762"><ele>140.0</ele></trkpt>
   <trkpt lat="34.836223" lon="-120.450635"><ele>141.75</ele></trkpt>
   <trkpt lat="34.835704" lon="-120.450610"><ele>143.25</ele></trkpt>
   <trkpt lat="34.834839" lon="-120.450555"><ele>145.25</ele></trkpt>
   <trkpt lat="34.834192" lon="-120.450506"><ele>146.5</ele></trkpt>
   <trkpt lat="34.833777" lon="-120.450445"><ele>147.75</ele></trkpt>
   <trkpt lat="34.833055" lon="-120.450314"><ele>150.0</ele></trkpt>
   <trkpt lat="34.831241" lon="-120.449942"><ele>158.5</ele></trkpt>
   <trkpt lat="34.828989" lon="-120.449470"><ele>162.25</ele></trkpt>
   <trkpt lat="34.827627" lon="-120.449240"><ele>162.25</ele></trkpt>
   <trkpt lat="34.826670" lon="-120.449102"><ele>162.0</ele></trkpt>
   <trkpt lat="34.824609" lon="-120.448839"><ele>159.5</ele></trkpt>
   <trkpt lat="34.823872" lon="-120.448732"><ele>157.75</ele></trkpt>
   <trkpt lat="34.822459" lon="-120.448556"><ele>154.5</ele></trkpt>
   <trkpt lat="34.822255" lon="-120.448530"><ele>154.5</ele></trkpt>
   <trkpt lat="34.820119" lon="-120.448327"><ele>151.0</ele></trkpt>
   <trkpt lat="34.819336" lon="-120.448207"><ele>151.75</ele></trkpt>
   <trkpt lat="34.819219" lon="-120.448181"><ele>151.5</ele></trkpt>
   <trkpt lat="34.819076" lon="-120.448136"><ele>151.25</ele></trkpt>
   <trkpt lat="34.818061" lon="-120.447748"><ele>147.0</ele></trkpt>
   <trkpt lat="34.817733" lon="-120.447635"><ele>145.75</ele></trkpt>
   <trkpt lat="34.817237" lon="-120.447435"><ele>145.0</ele></trkpt>
   <trkpt lat="34.816688" lon="-120.447227"><ele>145.0</ele></trkpt>
   <trkpt lat="34.816403" lon="-120.447124"><ele>143.5</ele></trkpt>
   <trkpt lat="34.816384" lon="-120.447116"><ele>143.25</ele></trkpt>
   <trkpt lat="34.816170" lon="-120.447030"><ele>142.25</ele></trkpt>
   <trkpt lat="34.815434" lon="-120.446733"><ele>140.25</ele></trkpt>
   <trkpt lat="34.814779" lon="-120.446464"><ele>139.75</ele></trkpt>
   <trkpt lat="34.813282" lon="-120.445903"><ele>137.75</ele></trkpt>
   <trkpt lat="34.812627" lon="-120.445715"><ele>138.25</ele></trkpt>
   <trkpt lat="34.812210" lon="-120.445641"><ele>138.25</ele></trkpt>
   <trkpt lat="34.809990" lon="-120.445384"><ele>135.75</ele></trkpt>
   <trkpt lat="34.808277" lon="-120.445111"><ele>133.25</ele></trkpt>
   <trkpt lat="34.805967" lon="-120.444726"><ele>132.5</ele></trkpt>
   <trkpt lat="34.805704" lon="-120.444627"><ele>132.5</ele></trkpt>
   <trkpt lat="34.805434" lon="-120.444465"><ele>132.25</ele></trkpt>
   <trkpt lat="34.805322" lon="-120.444385"><ele>132.25</ele></trkpt>
   <trkpt lat="34.804476" lon="-120.443509"><ele>131.75</ele></trkpt>
   <trkpt lat="34.803923" lon="-120.442905"><ele>131.25</ele></trkpt>
   <trkpt lat="34.803498" lon="-120.442458"><ele>130.25</ele></trkpt>
   <trkpt lat="34.803252" lon="-120.442268"><ele>130.25</ele></trkpt>
   <trkpt lat="34.802838" lon="-120.442012"><ele>130.5</ele></trkpt>
   <trkpt lat="34.801375" lon="-120.441203"><ele>129.0</ele></trkpt>
   <trkpt lat="34.800243" lon="-120.440529"><ele>128.75</ele></trkpt>
   <trkpt lat="34.800049" lon="-120.440440"><ele>128.5</ele></trkpt>
   <trkpt lat="34.798958" lon="-120.440052"><ele>128.5</ele></trkpt>
   <trkpt lat="34.798065" lon="-120.439683"><ele>127.75</ele></trkpt>
   <trkpt lat="34.796981" lon="-120.439254"><ele>126.25</ele></trkpt>
   <trkpt lat="34.793674" lon="-120.437942"><ele>123.5</ele></trkpt>
   <trkpt lat="34.791055" lon="-120.436932"><ele>120.5</ele></trkpt>
   <trkpt lat="34.789076" lon="-120.436112"><ele>118.25</ele></trkpt>
   <trkpt lat="34.788623" lon="-120.435893"><ele>116.0</ele></trkpt>
   <trkpt lat="34.788144" lon="-120.435690"><ele>115.25</ele></trkpt>
   <trkpt lat="34.787543" lon="-120.435427"><ele>115.0</ele></trkpt>
   <trkpt lat="34.785169" lon="-120.434185"><ele>112.75</ele></trkpt>
   <trkpt lat="34.783439" lon="-120.433428"><ele>112.0</ele></trkpt>
   <trkpt lat="34.780821" lon="-120.432211"><ele>112.25</ele></trkpt>
   <trkpt lat="34.778415" lon="-120.431093"><ele>109.0</ele></trkpt>
   <trkpt lat="34.778133" lon="-120.430915"><ele>109.0</ele></trkpt>
   <trkpt lat="34.777819" lon="-120.430697"><ele>109.0</ele></trkpt>
   <trkpt lat="34.777712" lon="-120.430608"><ele>109.0</ele></trkpt>
   <trkpt lat="34.777589" lon="-120.430483"><ele>109.0</ele></trkpt>
   <trkpt lat="34.777312" lon="-120.430147"><ele>108.5</ele></trkpt>
   <trkpt lat="34.777166" lon="-120.429984"><ele>108.0</ele></trkpt>
   <trkpt lat="34.777013" lon="-120.429848"><ele>108.0</ele></trkpt>
   <trkpt lat="34.776769" lon="-120.429696"><ele>107.5</ele></trkpt>
   <trkpt lat="34.776490" lon="-120.429558"><ele>107.0</ele></trkpt>
   <trkpt lat="34.776268" lon="-120.429485"><ele>106.75</ele></trkpt>
   <trkpt lat="34.776032" lon="-120.429441"><ele>106.25</ele></trkpt>
   <trkpt lat="34.775806" lon="-120.429430"><ele>106.0</ele></trkpt>
   <trkpt lat="34.775512" lon="-120.429429"><ele>106.25</ele></trkpt>
   <trkpt lat="34.775195" lon="-120.429408"><ele>106.5</ele></trkpt>
   <trkpt lat="34.774810" lon="-120.429339"><ele>106.25</ele></trkpt>
   <trkpt lat="34.773828" lon="-120.428979"><ele>103.75</ele></trkpt>
   <trkpt lat="34.773358" lon="-120.428795"><ele>103.25</ele></trkpt>
   <trkpt lat="34.773250" lon="-120.428699"><ele>103.25</ele></trkpt>
   <trkpt lat="34.773156" lon="-120.428585"><ele>103.25</ele></trkpt>
   <trkpt lat="34.772974" lon="-120.428416"><ele>103.25</ele></trkpt>
   <trkpt lat="34.772911" lon="-120.428371"><ele>103.25</ele></trkpt>
   <trkpt lat="34.772872" lon="-120.428367"><ele>103.25</ele></trkpt>
   <trkpt lat="34.772815" lon="-120.428392"><ele>103.25</ele></trkpt>
   <trkpt lat="34.772775" lon="-120.428443"><ele>103.0</ele></trkpt>
   <trkpt lat="34.772707" lon="-120.428588"><ele>102.75</ele></trkpt>
   <trkpt lat="34.772655" lon="-120.428776"><ele>102.5</ele></trkpt>
   <trkpt lat="34.772609" lon="-120.428896"><ele>102.25</ele></trkpt>
   <trkpt lat="34.772556" lon="-120.428989"><ele>102.25</ele></trkpt>
   <trkpt lat="34.772163" lon="-120.428836"><ele>102.75</ele></trkpt>
   <trkpt lat="34.771663" lon="-120.428628"><ele>103.5</ele></trkpt>
   <trkpt lat="34.770832" lon="-120.428309"><ele>102.0</ele></trkpt>
   <trkpt lat="34.770093" lon="-120.427980"><ele>103.0</ele></trkpt>
   <trkpt lat="34.769667" lon="-120.427825"><ele>103.5</ele></trkpt>
   <trkpt lat="34.769346" lon="-120.427694"><ele>103.75</ele></trkpt>
   <trkpt lat="34.769161" lon="-120.427601"><ele>104.25</ele></trkpt>
   <trkpt lat="34.768833" lon="-120.427381"><ele>104.75</ele></trkpt>
   <trkpt lat="34.768677" lon="-120.427266"><ele>105.0</ele></trkpt>
   <trkpt lat="34.768160" lon="-120.426834"><ele>105.25</ele></trkpt>
   <trkpt lat="34.768041" lon="-120.426744"><ele>104.5</ele></trkpt>
   <trkpt lat="34.767770" lon="-120.426423"><ele>102.0</ele></trkpt>
   <trkpt lat="34.767540" lon="-120.426108"><ele>99.25</ele></trkpt>
   <trkpt lat="34.767291" lon="-120.425671"><ele>98.25</ele></trkpt>
   <trkpt lat="34.766474" lon="-120.424129"><ele>99.75</ele></trkpt>
   <trkpt lat="34.766467" lon="-120.424115"><ele>102.5</ele></trkpt>
   <trkpt lat="34.766474" lon="-120.424129"><ele>99.75</ele></trkpt>
   <trkpt lat="34.763453" lon="-120.425010"><ele>98.0</ele></trkpt>
   <trkpt lat="34.762833" lon="-120.425191"><ele>98.25</ele></trkpt>
   <trkpt lat="34.757291" lon="-120.426808"><ele>104.25</ele></trkpt>
   <trkpt lat="34.757227" lon="-120.426818"><ele>104.75</ele></trkpt>
   <trkpt lat="34.757171" lon="-120.426809"><ele>105.0</ele></trkpt>
   <trkpt lat="34.757152" lon="-120.426795"><ele>105.25</ele></trkpt>
   <trkpt lat="34.756958" lon="-120.427147"><ele>106.75</ele></trkpt>
   <trkpt lat="34.756908" lon="-120.427324"><ele>107.25</ele></trkpt>
   <trkpt lat="34.756875" lon="-120.427507"><ele>107.75</ele></trkpt>
   <trkpt lat="34.756857" lon="-120.427693"><ele>109.5</ele></trkpt>
   <trkpt lat="34.756855" lon="-120.427838"><ele>110.5</ele></trkpt>
   <trkpt lat="34.756876" lon="-120.427959"><ele>111.25</ele></trkpt>
   <trkpt lat="34.756912" lon="-120.428098"><ele>111.5</ele></trkpt>
   <trkpt lat="34.756951" lon="-120.428210"><ele>111.5</ele></trkpt>
   <trkpt lat="34.757412" lon="-120.429113"><ele>110.0</ele></trkpt>
   <trkpt lat="34.757463" lon="-120.429272"><ele>109.75</ele></trkpt>
   <trkpt lat="34.757481" lon="-120.429423"><ele>110.0</ele></trkpt>
   <trkpt lat="34.757474" lon="-120.429575"><ele>111.25</ele></trkpt>
   <trkpt lat="34.757440" lon="-120.429721"><ele>113.25</ele></trkpt>
   <trkpt lat="34.757394" lon="-120.429868"><ele>115.75</ele></trkpt>
   <trkpt lat="34.757370" lon="-120.430039"><ele>117.75</ele></trkpt>
   <trkpt lat="34.757376" lon="-120.430212"><ele>119.0</ele></trkpt>
   <trkpt lat="34.757412" lon="-120.430380"><ele>119.5</ele></trkpt>
   <trkpt lat="34.757602" lon="-120.430889"><ele>120.0</ele></trkpt>
   <trkpt lat="34.757745" lon="-120.431316"><ele>119.0</ele></trkpt>
   <trkpt lat="34.757756" lon="-120.431446"><ele>119.5</ele></trkpt>
   <trkpt lat="34.757732" lon="-120.431573"><ele>120.25</ele></trkpt>
   <trkpt lat="34.757678" lon="-120.431685"><ele>121.0</ele></trkpt>
   <trkpt lat="34.757603" lon="-120.431767"><ele>121.0</ele></trkpt>
   <trkpt lat="34.757442" lon="-120.431877"><ele>121.0</ele></trkpt>
   <trkpt lat="34.756987" lon="-120.432035"><ele>122.0</ele></trkpt>
   <trkpt lat="34.756894" lon="-120.432058"><ele>122.25</ele></trkpt>
   <trkpt lat="34.756800" lon="-120.432069"><ele>122.75</ele></trkpt>
   <trkpt lat="34.756578" lon="-120.432060"><ele>124.0</ele></trkpt>
   <trkpt lat="34.756408" lon="-120.432066"><ele>124.25</ele></trkpt>
   <trkpt lat="34.755730" lon="-120.432160"><ele>125.5</ele></trkpt>
   <trkpt lat="34.755536" lon="-120.432215"><ele>126.75</ele></trkpt>
   <trkpt lat="34.755094" lon="-120.432380"><ele>127.0</ele></trkpt>
   <trkpt lat="34.754950" lon="-120.432415"><ele>127.0</ele></trkpt>
   <trkpt lat="34.754804" lon="-120.432432"><ele>126.5</ele></trkpt>
   <trkpt lat="34.754653" lon="-120.432431"><ele>126.5</ele></trkpt>
   <trkpt lat="34.754067" lon="-120.432384"><ele>128.25</ele></trkpt>
   <trkpt lat="34.753918" lon="-120.432430"><ele>129.25</ele></trkpt>
   <trkpt lat="34.753784" lon="-120.432511"><ele>130.0</ele></trkpt>
   <trkpt lat="34.753668" lon="-120.432623"><ele>131.0</ele></trkpt>
   <trkpt lat="34.753627" lon="-120.432676"><ele>131.25</ele></trkpt>
   <trkpt lat="34.753368" lon="-120.433195"><ele>131.5</ele></trkpt>
   <trkpt lat="34.753281" lon="-120.433386"><ele>132.0</ele></trkpt>
   <trkpt lat="34.753214" lon="-120.433496"><ele>133.0</ele></trkpt>
   <trkpt lat="34.753138" lon="-120.433596"><ele>134.0</ele></trkpt>
   <trkpt lat="34.753054" lon="-120.433686"><ele>134.75</ele></trkpt>
   <trkpt lat="34.752962" lon="-120.433766"><ele>135.75</ele></trkpt>
   <trkpt lat="34.752864" lon="-120.433833"><ele>136.5</ele></trkpt>
   <trkpt lat="34.752784" lon="-120.433876"><ele>137.0</ele></trkpt>
   <trkpt lat="34.752221" lon="-120.434080"><ele>138.0</ele></trkpt>
   <trkpt lat="34.751139" lon="-120.434553"><ele>139.75</ele></trkpt>
   <trkpt lat="34.751008" lon="-120.434616"><ele>140.0</ele></trkpt>
   <trkpt lat="34.750564" lon="-120.434911"><ele>140.25</ele></trkpt>
   <trkpt lat="34.749866" lon="-120.435435"><ele>143.0</ele></trkpt>
   <trkpt lat="34.749775" lon="-120.435512"><ele>143.5</ele></trkpt>
   <trkpt lat="34.749699" lon="-120.435552"><ele>144.25</ele></trkpt>
   <trkpt lat="34.749621" lon="-120.435581"><ele>144.75</ele></trkpt>
   <trkpt lat="34.749458" lon="-120.435611"><ele>146.25</ele></trkpt>
   <trkpt lat="34.749355" lon="-120.435608"><ele>147.25</ele></trkpt>
   <trkpt lat="34.749047" lon="-120.435635"><ele>150.0</ele></trkpt>
   <trkpt lat="34.748894" lon="-120.435673"><ele>151.0</ele></trkpt>
   <trkpt lat="34.748745" lon="-120.435730"><ele>151.25</ele></trkpt>
   <trkpt lat="34.747647" lon="-120.436245"><ele>158.0</ele></trkpt>
   <trkpt lat="34.747356" lon="-120.436406"><ele>160.25</ele></trkpt>
   <trkpt lat="34.747105" lon="-120.436502"><ele>161.5</ele></trkpt>
   <trkpt lat="34.746239" lon="-120.436685"><ele>163.0</ele></trkpt>
   <trkpt lat="34.745656" lon="-120.436897"><ele>167.75</ele></trkpt>
   <trkpt lat="34.745434" lon="-120.437013"><ele>168.75</ele></trkpt>
   <trkpt lat="34.745224" lon="-120.437157"><ele>169.5</ele></trkpt>
   <trkpt lat="34.745027" lon="-120.437327"><ele>169.25</ele></trkpt>
   <trkpt lat="34.744846" lon="-120.437521"><ele>171.0</ele></trkpt>
   <trkpt lat="34.744707" lon="-120.437702"><ele>174.25</ele></trkpt>
   <trkpt lat="34.744395" lon="-120.438484"><ele>183.75</ele></trkpt>
   <trkpt lat="34.744359" lon="-120.438599"><ele>184.75</ele></trkpt>
   <trkpt lat="34.744307" lon="-120.438694"><ele>184.75</ele></trkpt>
   <trkpt lat="34.744240" lon="-120.438774"><ele>184.25</ele></trkpt>
   <trkpt lat="34.744168" lon="-120.438831"><ele>183.25</ele></trkpt>
   <trkpt lat="34.744045" lon="-120.438975"><ele>186.5</ele></trkpt>
   <trkpt lat="34.743988" lon="-120.439065"><ele>188.0</ele></trkpt>
   <trkpt lat="34.743907" lon="-120.439266"><ele>191.0</ele></trkpt>
   <trkpt lat="34.743845" lon="-120.439663"><ele>198.25</ele></trkpt>
   <trkpt lat="34.743807" lon="-120.439735"><ele>199.5</ele></trkpt>
   <trkpt lat="34.743747" lon="-120.439780"><ele>200.0</ele></trkpt>
   <trkpt lat="34.743679" lon="-120.439793"><ele>200.25</ele></trkpt>
   <trkpt lat="34.743577" lon="-120.439769"><ele>200.0</ele></trkpt>
   <trkpt lat="34.743252" lon="-120.439606"><ele>201.0</ele></trkpt>
   <trkpt lat="34.743205" lon="-120.439547"><ele>202.25</ele></trkpt>
   <trkpt lat="34.743181" lon="-120.439470"><ele>202.5</ele></trkpt>
   <trkpt lat="34.743184" lon="-120.439396"><ele>202.25</ele></trkpt>
   <trkpt lat="34.743229" lon="-120.439287"><ele>200.0</ele></trkpt>
   <trkpt lat="34.743260" lon="-120.439156"><ele>198.25</ele></trkpt>
   <trkpt lat="34.743267" lon="-120.439033"><ele>199.0</ele></trkpt>
   <trkpt lat="34.743273" lon="-120.438649"><ele>202.5</ele></trkpt>
   <trkpt lat="34.743309" lon="-120.438517"><ele>202.25</ele></trkpt>
   <trkpt lat="34.743362" lon="-120.438425"><ele>201.25</ele></trkpt>
   <trkpt lat="34.743438" lon="-120.438242"><ele>198.25</ele></trkpt>
   <trkpt lat="34.743447" lon="-120.438137"><ele>196.25</ele></trkpt>
   <trkpt lat="34.743430" lon="-120.438034"><ele>195.25</ele></trkpt>
   <trkpt lat="34.743387" lon="-120.437942"><ele>194.75</ele></trkpt>
   <trkpt lat="34.743318" lon="-120.437867"><ele>195.5</ele></trkpt>
   <trkpt lat="34.742726" lon="-120.437558"><ele>206.75</ele></trkpt>
   <trkpt lat="34.742566" lon="-120.437502"><ele>209.25</ele></trkpt>
   <trkpt lat="34.742432" lon="-120.437466"><ele>210.25</ele></trkpt>
   <trkpt lat="34.742270" lon="-120.437456"><ele>211.5</ele></trkpt>
   <trkpt lat="34.741814" lon="-120.437476"><ele>218.0</ele></trkpt>
   <trkpt lat="34.741372" lon="-120.437459"><ele>224.25</ele></trkpt>
   <trkpt lat="34.741275" lon="-120.437419"><ele>224.25</ele></trkpt>
   <trkpt lat="34.741193" lon="-120.437346"><ele>222.25</ele></trkpt>
   <trkpt lat="34.741050" lon="-120.437161"><ele>216.5</ele></trkpt>
   <trkpt lat="34.740971" lon="-120.437107"><ele>215.5</ele></trkpt>
   <trkpt lat="34.740863" lon="-120.437078"><ele>216.0</ele></trkpt>
   <trkpt lat="34.740754" lon="-120.437091"><ele>217.75</ele></trkpt>
   <trkpt lat="34.740664" lon="-120.437136"><ele>220.5</ele></trkpt>
   <trkpt lat="34.740248" lon="-120.437416"><ele>234.0</ele></trkpt>
   <trkpt lat="34.740146" lon="-120.437441"><ele>235.25</ele></trkpt>
   <trkpt lat="34.740043" lon="-120.437427"><ele>235.25</ele></trkpt>
   <trkpt lat="34.739978" lon="-120.437396"><ele>234.0</ele></trkpt>
   <trkpt lat="34.739935" lon="-120.437363"><ele>232.75</ele></trkpt>
   <trkpt lat="34.739792" lon="-120.437166"><ele>225.5</ele></trkpt>
   <trkpt lat="34.739705" lon="-120.437104"><ele>223.25</ele></trkpt>
   <trkpt lat="34.739607" lon="-120.437078"><ele>222.25</ele></trkpt>
   <trkpt lat="34.739523" lon="-120.437093"><ele>222.75</ele></trkpt>
   <trkpt lat="34.739453" lon="-120.437122"><ele>223.5</ele></trkpt>
   <trkpt lat="34.739277" lon="-120.437280"><ele>228.0</ele></trkpt>
   <trkpt lat="34.739071" lon="-120.437621"><ele>236.25</ele></trkpt>
   <trkpt lat="34.738930" lon="-120.437883"><ele>241.5</ele></trkpt>
   <trkpt lat="34.738824" lon="-120.438009"><ele>243.25</ele></trkpt>
   <trkpt lat="34.738764" lon="-120.438061"><ele>244.0</ele></trkpt>
   <trkpt lat="34.738305" lon="-120.438383"><ele>246.5</ele></trkpt>
   <trkpt lat="34.738218" lon="-120.438405"><ele>249.0</ele></trkpt>
   <trkpt lat="34.738133" lon="-120.438393"><ele>250.5</ele></trkpt>
   <trkpt lat="34.738055" lon="-120.438350"><ele>251.25</ele></trkpt>
   <trkpt lat="34.738024" lon="-120.438321"><ele>251.25</ele></trkpt>
   <trkpt lat="34.737970" lon="-120.438216"><ele>251.0</ele></trkpt>
   <trkpt lat="34.737793" lon="-120.437486"><ele>243.5</ele></trkpt>
   <trkpt lat="34.737732" lon="-120.437355"><ele>240.75</ele></trkpt>
   <trkpt lat="34.737674" lon="-120.437283"><ele>239.75</ele></trkpt>
   <trkpt lat="34.737567" lon="-120.437207"><ele>239.25</ele></trkpt>
   <trkpt lat="34.737482" lon="-120.437179"><ele>239.75</ele></trkpt>
   <trkpt lat="34.737392" lon="-120.437177"><ele>239.75</ele></trkpt>
   <trkpt lat="34.737289" lon="-120.437196"><ele>240.5</ele></trkpt>
   <trkpt lat="34.737191" lon="-120.437248"><ele>242.25</ele></trkpt>
   <trkpt lat="34.737110" lon="-120.437334"><ele>245.25</ele></trkpt>
   <trkpt lat="34.736928" lon="-120.437669"><ele>255.25</ele></trkpt>
   <trkpt lat="34.736855" lon="-120.437756"><ele>258.0</ele></trkpt>
   <trkpt lat="34.736769" lon="-120.437823"><ele>260.25</ele></trkpt>
   <trkpt lat="34.736641" lon="-120.437874"><ele>262.75</ele></trkpt>
   <trkpt lat="34.736432" lon="-120.437893"><ele>263.75</ele></trkpt>
   <trkpt lat="34.736334" lon="-120.437916"><ele>264.75</ele></trkpt>
   <trkpt lat="34.736249" lon="-120.437948"><ele>266.0</ele></trkpt>
   <trkpt lat="34.736160" lon="-120.437996"><ele>267.75</ele></trkpt>
   <trkpt lat="34.736063" lon="-120.438016"><ele>268.75</ele></trkpt>
   <trkpt lat="34.735980" lon="-120.438010"><ele>268.75</ele></trkpt>
   <trkpt lat="34.735862" lon="-120.437962"><ele>267.75</ele></trkpt>
   <trkpt lat="34.735825" lon="-120.437935"><ele>267.0</ele></trkpt>
   <trkpt lat="34.735693" lon="-120.437799"><ele>262.5</ele></trkpt>
   <trkpt lat="34.735609" lon="-120.437743"><ele>260.75</ele></trkpt>
   <trkpt lat="34.735494" lon="-120.437712"><ele>260.0</ele></trkpt>
   <trkpt lat="34.735378" lon="-120.437726"><ele>260.0</ele></trkpt>
   <trkpt lat="34.735312" lon="-120.437754"><ele>260.5</ele></trkpt>
   <trkpt lat="34.735216" lon="-120.437836"><ele>261.25</ele></trkpt>
   <trkpt lat="34.735150" lon="-120.437945"><ele>262.25</ele></trkpt>
   <trkpt lat="34.735114" lon="-120.438074"><ele>263.25</ele></trkpt>
   <trkpt lat="34.735109" lon="-120.438165"><ele>264.25</ele></trkpt>
   <trkpt lat="34.735121" lon="-120.438343"><ele>266.0</ele></trkpt>
   <trkpt lat="34.735142" lon="-120.438474"><ele>266.75</ele></trkpt>
   <trkpt lat="34.735175" lon="-120.438601"><ele>267.5</ele></trkpt>
   <trkpt lat="34.735219" lon="-120.438723"><ele>268.75</ele></trkpt>
   <trkpt lat="34.735870" lon="-120.440175"><ele>285.25</ele></trkpt>
   <trkpt lat="34.735893" lon="-120.440310"><ele>287.0</ele></trkpt>
   <trkpt lat="34.735880" lon="-120.440447"><ele>288.25</ele></trkpt>
   <trkpt lat="34.735833" lon="-120.440573"><ele>288.5</ele></trkpt>
   <trkpt lat="34.735794" lon="-120.440632"><ele>289.0</ele></trkpt>
   <trkpt lat="34.735716" lon="-120.440688"><ele>289.75</ele></trkpt>
   <trkpt lat="34.735638" lon="-120.440707"><ele>290.0</ele></trkpt>
   <trkpt lat="34.735560" lon="-120.440696"><ele>290.0</ele></trkpt>
   <trkpt lat="34.735301" lon="-120.440615"><ele>288.75</ele></trkpt>
   <trkpt lat="34.735208" lon="-120.440602"><ele>288.25</ele></trkpt>
   <trkpt lat="34.735115" lon="-120.440601"><ele>288.25</ele></trkpt>
   <trkpt lat="34.734953" lon="-120.440627"><ele>289.25</ele></trkpt>
   <trkpt lat="34.734811" lon="-120.440670"><ele>291.75</ele></trkpt>
   <trkpt lat="34.734647" lon="-120.440678"><ele>293.5</ele></trkpt>
   <trkpt lat="34.734566" lon="-120.440667"><ele>293.75</ele></trkpt>
   <trkpt lat="34.734408" lon="-120.440614"><ele>294.0</ele></trkpt>
   <trkpt lat="34.734209" lon="-120.440492"><ele>293.0</ele></trkpt>
   <trkpt lat="34.734064" lon="-120.440443"><ele>293.0</ele></trkpt>
   <trkpt lat="34.733914" lon="-120.440432"><ele>293.75</ele></trkpt>
   <trkpt lat="34.733005" lon="-120.440595"><ele>296.5</ele></trkpt>
   <trkpt lat="34.732903" lon="-120.440620"><ele>295.5</ele></trkpt>
   <trkpt lat="34.732801" lon="-120.440632"><ele>294.5</ele></trkpt>
   <trkpt lat="34.732698" lon="-120.440631"><ele>293.75</ele></trkpt>
   <trkpt lat="34.732596" lon="-120.440616"><ele>293.25</ele></trkpt>
   <trkpt lat="34.732382" lon="-120.440564"><ele>295.25</ele></trkpt>
   <trkpt lat="34.732149" lon="-120.440581"><ele>297.0</ele></trkpt>
   <trkpt lat="34.731867" lon="-120.440618"><ele>298.75</ele></trkpt>
   <trkpt lat="34.731789" lon="-120.440659"><ele>298.25</ele></trkpt>
   <trkpt lat="34.731724" lon="-120.440728"><ele>296.75</ele></trkpt>
   <trkpt lat="34.731681" lon="-120.440818"><ele>294.25</ele></trkpt>
   <trkpt lat="34.731669" lon="-120.440864"><ele>293.0</ele></trkpt>
   <trkpt lat="34.731685" lon="-120.441022"><ele>288.25</ele></trkpt>
   <trkpt lat="34.731689" lon="-120.441123"><ele>285.25</ele></trkpt>
   <trkpt lat="34.731658" lon="-120.441216"><ele>283.0</ele></trkpt>
   <trkpt lat="34.731616" lon="-120.441272"><ele>282.5</ele></trkpt>
   <trkpt lat="34.731495" lon="-120.441353"><ele>283.5</ele></trkpt>
   <trkpt lat="34.731084" lon="-120.441539"><ele>290.0</ele></trkpt>
   <trkpt lat="34.730989" lon="-120.441621"><ele>290.5</ele></trkpt>
   <trkpt lat="34.730920" lon="-120.441733"><ele>290.25</ele></trkpt>
   <trkpt lat="34.730884" lon="-120.441865"><ele>289.0</ele></trkpt>
   <trkpt lat="34.730882" lon="-120.441994"><ele>286.75</ele></trkpt>
   <trkpt lat="34.730900" lon="-120.442103"><ele>284.25</ele></trkpt>
   <trkpt lat="34.730889" lon="-120.442215"><ele>282.75</ele></trkpt>
   <trkpt lat="34.730851" lon="-120.442317"><ele>282.25</ele></trkpt>
   <trkpt lat="34.730546" lon="-120.442820"><ele>273.75</ele></trkpt>
   <trkpt lat="34.730475" lon="-120.442904"><ele>272.0</ele></trkpt>
   <trkpt lat="34.730385" lon="-120.442974"><ele>271.0</ele></trkpt>
   <trkpt lat="34.730285" lon="-120.443019"><ele>271.0</ele></trkpt>
   <trkpt lat="34.730179" lon="-120.443038"><ele>271.75</ele></trkpt>
   <trkpt lat="34.730037" lon="-120.443021"><ele>274.0</ele></trkpt>
   <trkpt lat="34.729795" lon="-120.442948"><ele>275.25</ele></trkpt>
   <trkpt lat="34.729698" lon="-120.442932"><ele>274.75</ele></trkpt>
   <trkpt lat="34.729553" lon="-120.442940"><ele>273.25</ele></trkpt>
   <trkpt lat="34.729482" lon="-120.442957"><ele>272.25</ele></trkpt>
   <trkpt lat="34.729392" lon="-120.442994"><ele>270.75</ele></trkpt>
   <trkpt lat="34.729125" lon="-120.443134"><ele>266.5</ele></trkpt>
   <trkpt lat="34.729040" lon="-120.443192"><ele>265.0</ele></trkpt>
   <trkpt lat="34.728789" lon="-120.443391"><ele>260.0</ele></trkpt>
   <trkpt lat="34.728693" lon="-120.443434"><ele>258.0</ele></trkpt>
   <trkpt lat="34.728592" lon="-120.443453"><ele>257.0</ele></trkpt>
   <trkpt lat="34.728490" lon="-120.443445"><ele>257.0</ele></trkpt>
   <trkpt lat="34.728439" lon="-120.443431"><ele>257.25</ele></trkpt>
   <trkpt lat="34.728345" lon="-120.443375"><ele>258.5</ele></trkpt>
   <trkpt lat="34.728279" lon="-120.443309"><ele>258.25</ele></trkpt>
   <trkpt lat="34.728205" lon="-120.443183"><ele>256.0</ele></trkpt>
   <trkpt lat="34.728175" lon="-120.443085"><ele>255.0</ele></trkpt>
   <trkpt lat="34.728164" lon="-120.443013"><ele>254.5</ele></trkpt>
   <trkpt lat="34.728174" lon="-120.442897"><ele>254.75</ele></trkpt>
   <trkpt lat="34.728214" lon="-120.442723"><ele>255.75</ele></trkpt>
   <trkpt lat="34.728283" lon="-120.442562"><ele>257.5</ele></trkpt>
   <trkpt lat="34.728322" lon="-120.442498"><ele>258.5</ele></trkpt>
   <trkpt lat="34.728637" lon="-120.442198"><ele>265.5</ele></trkpt>
   <trkpt lat="34.728688" lon="-120.442127"><ele>266.75</ele></trkpt>
   <trkpt lat="34.728728" lon="-120.442022"><ele>267.75</ele></trkpt>
   <trkpt lat="34.728739" lon="-120.441910"><ele>268.0</ele></trkpt>
   <trkpt lat="34.728716" lon="-120.441837"><ele>267.5</ele></trkpt>
   <trkpt lat="34.728671" lon="-120.441781"><ele>266.25</ele></trkpt>
   <trkpt lat="34.728628" lon="-120.441757"><ele>265.25</ele></trkpt>
   <trkpt lat="34.728153" lon="-120.441615"><ele>254.0</ele></trkpt>
   <trkpt lat="34.727980" lon="-120.441540"><ele>250.25</ele></trkpt>
   <trkpt lat="34.727797" lon="-120.441402"><ele>246.5</ele></trkpt>
   <trkpt lat="34.727735" lon="-120.441317"><ele>245.5</ele></trkpt>
   <trkpt lat="34.727697" lon="-120.441213"><ele>245.25</ele></trkpt>
   <trkpt lat="34.727688" lon="-120.441099"><ele>245.5</ele></trkpt>
   <trkpt lat="34.727712" lon="-120.440979"><ele>247.0</ele></trkpt>
   <trkpt lat="34.727747" lon="-120.440886"><ele>248.5</ele></trkpt>
   <trkpt lat="34.727757" lon="-120.440784"><ele>249.0</ele></trkpt>
   <trkpt lat="34.727740" lon="-120.440683"><ele>248.5</ele></trkpt>
   <trkpt lat="34.727698" lon="-120.440594"><ele>247.25</ele></trkpt>
   <trkpt lat="34.727630" lon="-120.440514"><ele>245.5</ele></trkpt>
   <trkpt lat="34.727536" lon="-120.440448"><ele>243.25</ele></trkpt>
   <trkpt lat="34.727436" lon="-120.440330"><ele>241.0</ele></trkpt>
   <trkpt lat="34.727400" lon="-120.440236"><ele>240.25</ele></trkpt>
   <trkpt lat="34.727393" lon="-120.440144"><ele>240.25</ele></trkpt>
   <trkpt lat="34.727410" lon="-120.440054"><ele>240.75</ele></trkpt>
   <trkpt lat="34.727446" lon="-120.439978"><ele>241.75</ele></trkpt>
   <trkpt lat="34.727550" lon="-120.439851"><ele>245.25</ele></trkpt>
   <trkpt lat="34.727575" lon="-120.439761"><ele>246.5</ele></trkpt>
   <trkpt lat="34.727575" lon="-120.439665"><ele>247.25</ele></trkpt>
   <trkpt lat="34.727552" lon="-120.439574"><ele>247.5</ele></trkpt>
   <trkpt lat="34.727521" lon="-120.439513"><ele>247.25</ele></trkpt>
   <trkpt lat="34.727410" lon="-120.439428"><ele>245.5</ele></trkpt>
   <trkpt lat="34.727217" lon="-120.439314"><ele>241.75</ele></trkpt>
   <trkpt lat="34.727167" lon="-120.439273"><ele>241.0</ele></trkpt>
   <trkpt lat="34.726812" lon="-120.438911"><ele>236.25</ele></trkpt>
   <trkpt lat="34.726054" lon="-120.437977"><ele>231.5</ele></trkpt>
   <trkpt lat="34.725939" lon="-120.437849"><ele>229.75</ele></trkpt>
   <trkpt lat="34.725756" lon="-120.437693"><ele>227.5</ele></trkpt>
   <trkpt lat="34.725680" lon="-120.437641"><ele>226.75</ele></trkpt>
   <trkpt lat="34.725508" lon="-120.437549"><ele>224.75</ele></trkpt>
   <trkpt lat="34.724810" lon="-120.437212"><ele>218.75</ele></trkpt>
   <trkpt lat="34.723403" lon="-120.436568"><ele>210.5</ele></trkpt>
   <trkpt lat="34.722949" lon="-120.436267"><ele>208.25</ele></trkpt>
   <trkpt lat="34.722639" lon="-120.435979"><ele>206.75</ele></trkpt>
   <trkpt lat="34.722264" lon="-120.435583"><ele>205.25</ele></trkpt>
   <trkpt lat="34.722083" lon="-120.435376"><ele>204.5</ele></trkpt>
   <trkpt lat="34.721967" lon="-120.435257"><ele>204.0</ele></trkpt>
   <trkpt lat="34.721801" lon="-120.435108"><ele>203.5</ele></trkpt>
   <trkpt lat="34.721586" lon="-120.434953"><ele>202.75</ele></trkpt>
   <trkpt lat="34.721403" lon="-120.434837"><ele>202.25</ele></trkpt>
   <trkpt lat="34.720711" lon="-120.434512"><ele>200.0</ele></trkpt>
   <trkpt lat="34.719756" lon="-120.434093"><ele>196.5</ele></trkpt>
   <trkpt lat="34.719185" lon="-120.433886"><ele>194.5</ele></trkpt>
   <trkpt lat="34.717780" lon="-120.433564"><ele>183.25</ele></trkpt>
   <trkpt lat="34.717065" lon="-120.433470"><ele>179.5</ele></trkpt>
   <trkpt lat="34.716976" lon="-120.433458"><ele>179.5</ele></trkpt>
   <trkpt lat="34.716816" lon="-120.433453"><ele>179.0</ele></trkpt>
   <trkpt lat="34.716577" lon="-120.433487"><ele>178.5</ele></trkpt>
   <trkpt lat="34.716418" lon="-120.433537"><ele>178.25</ele></trkpt>
   <trkpt lat="34.715917" lon="-120.433787"><ele>176.25</ele></trkpt>
   <trkpt lat="34.715211" lon="-120.434122"><ele>170.0</ele></trkpt>
   <trkpt lat="34.714464" lon="-120.434535"><ele>168.0</ele></trkpt>
   <trkpt lat="34.713694" lon="-120.434900"><ele>165.5</ele></trkpt>
   <trkpt lat="34.712207" lon="-120.435473"><ele>157.0</ele></trkpt>
   <trkpt lat="34.711122" lon="-120.435840"><ele>150.0</ele></trkpt>
   <trkpt lat="34.711105" lon="-120.435787"><ele>150.25</ele></trkpt>
   <trkpt lat="34.711039" lon="-120.435681"><ele>150.5</ele></trkpt>
   <trkpt lat="34.710947" lon="-120.435590"><ele>150.5</ele></trkpt>
   <trkpt lat="34.710446" lon="-120.435260"><ele>150.5</ele></trkpt>
   <trkpt lat="34.708962" lon="-120.434139"><ele>151.75</ele></trkpt>
   <trkpt lat="34.708563" lon="-120.433824"><ele>153.25</ele></trkpt>
   <trkpt lat="34.708413" lon="-120.433730"><ele>153.0</ele></trkpt>
   <trkpt lat="34.708341" lon="-120.433695"><ele>152.75</ele></trkpt>
   <trkpt lat="34.708265" lon="-120.433674"><ele>152.25</ele></trkpt>
   <trkpt lat="34.708088" lon="-120.433642"><ele>150.75</ele></trkpt>
   <trkpt lat="34.707692" lon="-120.433592"><ele>147.5</ele></trkpt>
   <trkpt lat="34.707472" lon="-120.433575"><ele>145.75</ele></trkpt>
   <trkpt lat="34.707325" lon="-120.433588"><ele>144.5</ele></trkpt>
   <trkpt lat="34.702979" lon="-120.434550"><ele>128.5</ele></trkpt>
   <trkpt lat="34.700718" lon="-120.435036"><ele>129.0</ele></trkpt>
   <trkpt lat="34.700336" lon="-120.435106"><ele>126.0</ele></trkpt>
   <trkpt lat="34.699625" lon="-120.435257"><ele>121.5</ele></trkpt>
   <trkpt lat="34.698857" lon="-120.435426"><ele>118.75</ele></trkpt>
   <trkpt lat="34.698856" lon="-120.435410"><ele>116.0</ele></trkpt>
   <trkpt lat="34.698857" lon="-120.435426"><ele>118.75</ele></trkpt>
   <trkpt lat="34.696975" lon="-120.435834"><ele>116.5</ele></trkpt>
   <trkpt lat="34.694986" lon="-120.436269"><ele>113.0</ele></trkpt>
   <trkpt lat="34.694260" lon="-120.436425"><ele>111.75</ele></trkpt>
   <trkpt lat="34.693357" lon="-120.436619"><ele>110.75</ele></trkpt>
   <trkpt lat="34.692353" lon="-120.436835"><ele>108.25</ele></trkpt>
   <trkpt lat="34.692254" lon="-120.436831"><ele>108.25</ele></trkpt>
   <trkpt lat="34.692191" lon="-120.436843"><ele>108.0</ele></trkpt>
   <trkpt lat="34.692274" lon="-120.437369"><ele>110.0</ele></trkpt>
   <trkpt lat="34.692302" lon="-120.437771"><ele>111.5</ele></trkpt>
   <trkpt lat="34.692312" lon="-120.437987"><ele>112.25</ele></trkpt>
   <trkpt lat="34.692310" lon="-120.438065"><ele>112.5</ele></trkpt>
   <trkpt lat="34.692307" lon="-120.438206"><ele>112.75</ele></trkpt>
   <trkpt lat="34.692269" lon="-120.438565"><ele>113.75</ele></trkpt>
   <trkpt lat="34.692189" lon="-120.438928"><ele>114.75</ele></trkpt>
   <trkpt lat="34.692104" lon="-120.439193"><ele>115.5</ele></trkpt>
   <trkpt lat="34.691979" lon="-120.439519"><ele>115.75</ele></trkpt>
   <trkpt lat="34.691529" lon="-120.440366"><ele>114.25</ele></trkpt>
   <trkpt lat="34.690695" lon="-120.441823"><ele>108.25</ele></trkpt>
   <trkpt lat="34.690443" lon="-120.442308"><ele>108.75</ele></trkpt>
   <trkpt lat="34.690284" lon="-120.442643"><ele>108.25</ele></trkpt>
   <trkpt lat="34.690061" lon="-120.443181"><ele>106.5</ele></trkpt>
   <trkpt lat="34.689901" lon="-120.443833"><ele>103.75</ele></trkpt>
   <trkpt lat="34.689821" lon="-120.444410"><ele>101.5</ele></trkpt>
   <trkpt lat="34.689804" lon="-120.444766"><ele>100.0</ele></trkpt>
   <trkpt lat="34.689811" lon="-120.445329"><ele>98.5</ele></trkpt>
   <trkpt lat="34.689871" lon="-120.445853"><ele>97.75</ele></trkpt>
   <trkpt lat="34.689936" lon="-120.446224"><ele>97.5</ele></trkpt>
   <trkpt lat="34.690024" lon="-120.446577"><ele>97.0</ele></trkpt>
   <trkpt lat="34.690225" lon="-120.447183"><ele>97.25</ele></trkpt>
   <trkpt lat="34.690476" lon="-120.447902"><ele>97.5</ele></trkpt>
   <trkpt lat="34.690200" lon="-120.448050"><ele>97.5</ele></trkpt>
   <trkpt lat="34.689678" lon="-120.448361"><ele>98.75</ele></trkpt>
   <trkpt lat="34.687784" lon="-120.449460"><ele>105.0</ele></trkpt>
   <trkpt lat="34.686784" lon="-120.450069"><ele>106.25</ele></trkpt>
   <trkpt lat="34.685783" lon="-120.450764"><ele>101.75</ele></trkpt>
   <trkpt lat="34.684856" lon="-120.451391"><ele>99.25</ele></trkpt>
   <trkpt lat="34.683434" lon="-120.452377"><ele>91.0</ele></trkpt>
   <trkpt lat="34.682599" lon="-120.452953"><ele>77.0</ele></trkpt>
   <trkpt lat="34.681060" lon="-120.454016"><ele>77.0</ele></trkpt>
   <trkpt lat="34.680326" lon="-120.454535"><ele>71.25</ele></trkpt>
   <trkpt lat="34.680230" lon="-120.454655"><ele>70.5</ele></trkpt>
   <trkpt lat="34.680032" lon="-120.454809"><ele>69.5</ele></trkpt>
   <trkpt lat="34.679432" lon="-120.455224"><ele>63.5</ele></trkpt>
   <trkpt lat="34.678408" lon="-120.455889"><ele>58.0</ele></trkpt>
   <trkpt lat="34.678391" lon="-120.455870"><ele>58.0</ele></trkpt>
   <trkpt lat="34.678272" lon="-120.455952"><ele>57.75</ele></trkpt>
   <trkpt lat="34.678211" lon="-120.455997"><ele>57.5</ele></trkpt>
   <trkpt lat="34.677950" lon="-120.456148"><ele>56.75</ele></trkpt>
   <trkpt lat="34.677702" lon="-120.456281"><ele>55.75</ele></trkpt>
   <trkpt lat="34.677609" lon="-120.456311"><ele>55.5</ele></trkpt>
   <trkpt lat="34.677341" lon="-120.456437"><ele>54.0</ele></trkpt>
   <trkpt lat="34.677104" lon="-120.456512"><ele>52.5</ele></trkpt>
   <trkpt lat="34.676930" lon="-120.456568"><ele>51.5</ele></trkpt>
   <trkpt lat="34.676493" lon="-120.456663"><ele>49.25</ele></trkpt>
   <trkpt lat="34.674362" lon="-120.457079"><ele>46.0</ele></trkpt>
   <trkpt lat="34.674006" lon="-120.457146"><ele>43.75</ele></trkpt>
   <trkpt lat="34.672901" lon="-120.457304"><ele>31.0</ele></trkpt>
   <trkpt lat="34.671757" lon="-120.457457"><ele>25.25</ele></trkpt>
   <trkpt lat="34.671697" lon="-120.457468"><ele>25.0</ele></trkpt>
   <trkpt lat="34.671363" lon="-120.457494"><ele>25.25</ele></trkpt>
   <trkpt lat="34.671370" lon="-120.457668"><ele>25.25</ele></trkpt>
   <trkpt lat="34.671383" lon="-120.457738"><ele>25.25</ele></trkpt>
   <trkpt lat="34.671399" lon="-120.457867"><ele>25.25</ele></trkpt>
   <trkpt lat="34.671399" lon="-120.457871"><ele>25.25</ele></trkpt>
   <trkpt lat="34.671399" lon="-120.457867"><ele>25.25</ele></trkpt>
   <trkpt lat="34.669974" lon="-120.457964"><ele>24.25</ele></trkpt>
   <trkpt lat="34.669847" lon="-120.457944"><ele>24.5</ele></trkpt>
   <trkpt lat="34.669738" lon="-120.457907"><ele>24.5</ele></trkpt>
   <trkpt lat="34.669609" lon="-120.457855"><ele>24.75</ele></trkpt>
   <trkpt lat="34.669526" lon="-120.457786"><ele>24.75</ele></trkpt>
   <trkpt lat="34.669323" lon="-120.457773"><ele>24.75</ele></trkpt>
   <trkpt lat="34.669319" lon="-120.457774"><ele>26.75</ele></trkpt>
   <trkpt lat="34.667294" lon="-120.457805"><ele>26.75</ele></trkpt>
   <trkpt lat="34.667030" lon="-120.457842"><ele>27.0</ele></trkpt>
   <trkpt lat="34.666633" lon="-120.457831"><ele>27.5</ele></trkpt>
   <trkpt lat="34.666498" lon="-120.457850"><ele>27.5</ele></trkpt>
   <trkpt lat="34.666497" lon="-120.457850"><ele>27.5</ele></trkpt>
   <trkpt lat="34.666327" lon="-120.457843"><ele>27.75</ele></trkpt>
   <trkpt lat="34.666189" lon="-120.457880"><ele>27.75</ele></trkpt>
   <trkpt lat="34.664437" lon="-120.457954"><ele>29.25</ele></trkpt>
   <trkpt lat="34.664436" lon="-120.457951"><ele>29.5</ele></trkpt>
   <trkpt lat="34.664436" lon="-120.457805"><ele>29.5</ele></trkpt>
   <trkpt lat="34.664187" lon="-120.457818"><ele>30.5</ele></trkpt>
   <trkpt lat="34.664125" lon="-120.457688"><ele>30.75</ele></trkpt>
   <trkpt lat="34.663837" lon="-120.457694"><ele>30.75</ele></trkpt>
   <trkpt lat="34.663423" lon="-120.457692"><ele>30.75</ele></trkpt>
   <trkpt lat="34.662911" lon="-120.457685"><ele>29.75</ele></trkpt>
   <trkpt lat="34.662904" lon="-120.457685"><ele>29.75</ele></trkpt>
   <trkpt lat="34.662819" lon="-120.457684"><ele>29.5</ele></trkpt>
   <trkpt lat="34.662362" lon="-120.457676"><ele>28.75</ele></trkpt>
   <trkpt lat="34.661944" lon="-120.457656"><ele>29.5</ele></trkpt>
   <trkpt lat="34.661580" lon="-120.457627"><ele>30.0</ele></trkpt>
   <trkpt lat="34.661535" lon="-120.457626"><ele>30.0</ele></trkpt>
   <trkpt lat="34.660927" lon="-120.457634"><ele>30.5</ele></trkpt>
   <trkpt lat="34.660925" lon="-120.457568"><ele>30.75</ele></trkpt>
   <trkpt lat="34.660917" lon="-120.457552"><ele>30.75</ele></trkpt>
   <trkpt lat="34.660925" lon="-120.457568"><ele>30.75</ele></trkpt>
   <trkpt lat="34.660927" lon="-120.457634"><ele>30.5</ele></trkpt>
   <trkpt lat="34.660780" lon="-120.457638"><ele>30.5</ele></trkpt>
   <trkpt lat="34.660777" lon="-120.457751"><ele>30.5</ele></trkpt>
   <trkpt lat="34.660780" lon="-120.457638"><ele>30.5</ele></trkpt>
   <trkpt lat="34.660779" lon="-120.457548"><ele>30.75</ele></trkpt>
   <trkpt lat="34.660760" lon="-120.456322"><ele>30.25</ele></trkpt>
   <trkpt lat="34.660755" lon="-120.455537"><ele>29.5</ele></trkpt>
   <trkpt lat="34.660741" lon="-120.453305"><ele>30.75</ele></trkpt>
   <trkpt lat="34.660739" lon="-120.453189"><ele>30.5</ele></trkpt>
   <trkpt lat="34.661894" lon="-120.453163"><ele>30.0</ele></trkpt>
   <trkpt lat="34.663233" lon="-120.453151"><ele>29.0</ele></trkpt>
   <trkpt lat="34.663218" lon="-120.451404"><ele>31.0</ele></trkpt>
   <trkpt lat="34.663208" lon="-120.449532"><ele>30.5</ele></trkpt>
   <trkpt lat="34.663199" lon="-120.449440"><ele>30.5</ele></trkpt>
   <trkpt lat="34.663170" lon="-120.449387"><ele>30.75</ele></trkpt>
   <trkpt lat="34.663130" lon="-120.449347"><ele>30.75</ele></trkpt>
   <trkpt lat="34.663021" lon="-120.449333"><ele>30.75</ele></trkpt>
   <trkpt lat="34.662120" lon="-120.449361"><ele>31.25</ele></trkpt>
   <trkpt lat="34.662124" lon="-120.448846"><ele>31.0</ele></trkpt>
   <trkpt lat="34.660853" lon="-120.448857"><ele>31.0</ele></trkpt>
   <trkpt lat="34.660723" lon="-120.448860"><ele>31.25</ele></trkpt>
   <trkpt lat="34.660719" lon="-120.448860"><ele>32.0</ele></trkpt>
   <trkpt lat="34.660210" lon="-120.448858"><ele>32.0</ele></trkpt>
   <trkpt lat="34.658329" lon="-120.448885"><ele>32.25</ele></trkpt>
   <trkpt lat="34.657645" lon="-120.448894"><ele>32.5</ele></trkpt>
   <trkpt lat="34.657189" lon="-120.448901"><ele>32.5</ele></trkpt>
   <trkpt lat="34.657082" lon="-120.448902"><ele>32.25</ele></trkpt>
   <trkpt lat="34.655655" lon="-120.448922"><ele>31.5</ele></trkpt>
   <trkpt lat="34.655353" lon="-120.448920"><ele>31.75</ele></trkpt>
   <trkpt lat="34.654941" lon="-120.448909"><ele>32.0</ele></trkpt>
   <trkpt lat="34.654561" lon="-120.448899"><ele>31.5</ele></trkpt>
   <trkpt lat="34.653729" lon="-120.448876"><ele>31.5</ele></trkpt>
   <trkpt lat="34.653319" lon="-120.448865"><ele>32.0</ele></trkpt>
   <trkpt lat="34.652905" lon="-120.448855"><ele>32.0</ele></trkpt>
   <trkpt lat="34.652510" lon="-120.448863"><ele>32.0</ele></trkpt>
   <trkpt lat="34.652127" lon="-120.448868"><ele>32.5</ele></trkpt>
   <trkpt lat="34.651718" lon="-120.448874"><ele>33.25</ele></trkpt>
   <trkpt lat="34.651297" lon="-120.448879"><ele>33.75</ele></trkpt>
   <trkpt lat="34.650926" lon="-120.448884"><ele>34.5</ele></trkpt>
   <trkpt lat="34.650527" lon="-120.448890"><ele>34.75</ele></trkpt>
   <trkpt lat="34.650109" lon="-120.448896"><ele>34.75</ele></trkpt>
   <trkpt lat="34.648516" lon="-120.448910"><ele>35.5</ele></trkpt>
   <trkpt lat="34.648409" lon="-120.448912"><ele>34.5</ele></trkpt>
   <trkpt lat="34.646939" lon="-120.448936"><ele>34.5</ele></trkpt>
   <trkpt lat="34.645347" lon="-120.448953"><ele>34.5</ele></trkpt>
   <trkpt lat="34.644119" lon="-120.448975"><ele>35.5</ele></trkpt>
   <trkpt lat="34.643912" lon="-120.448972"><ele>35.25</ele></trkpt>
   <trkpt lat="34.643849" lon="-120.449027"><ele>35.25</ele></trkpt>
   <trkpt lat="34.643751" lon="-120.449031"><ele>35.25</ele></trkpt>
   <trkpt lat="34.643705" lon="-120.449032"><ele>35.25</ele></trkpt>
   <trkpt lat="34.643666" lon="-120.449033"><ele>35.0</ele></trkpt>
   <trkpt lat="34.643558" lon="-120.449032"><ele>35.0</ele></trkpt>
   <trkpt lat="34.643457" lon="-120.448975"><ele>34.75</ele></trkpt>
   <trkpt lat="34.643205" lon="-120.448980"><ele>34.5</ele></trkpt>
   <trkpt lat="34.642166" lon="-120.448993"><ele>33.0</ele></trkpt>
   <trkpt lat="34.641717" lon="-120.448998"><ele>32.0</ele></trkpt>
   <trkpt lat="34.640588" lon="-120.449013"><ele>34.25</ele></trkpt>
   <trkpt lat="34.640562" lon="-120.449012"><ele>34.25</ele></trkpt>
   <trkpt lat="34.639975" lon="-120.449021"><ele>34.75</ele></trkpt>
   <trkpt lat="34.639873" lon="-120.449022"><ele>34.75</ele></trkpt>
   <trkpt lat="34.639742" lon="-120.449024"><ele>34.75</ele></trkpt>
   <trkpt lat="34.639539" lon="-120.449027"><ele>34.75</ele></trkpt>
   <trkpt lat="34.639436" lon="-120.449028"><ele>34.75</ele></trkpt>
   <trkpt lat="34.639377" lon="-120.449030"><ele>34.75</ele></trkpt>
   <trkpt lat="34.639324" lon="-120.449031"><ele>34.75</ele></trkpt>
   <trkpt lat="34.639220" lon="-120.449032"><ele>34.75</ele></trkpt>
   <trkpt lat="34.639007" lon="-120.449035"><ele>34.75</ele></trkpt>
   <trkpt lat="34.638900" lon="-120.449037"><ele>34.75</ele></trkpt>
   <trkpt lat="34.638790" lon="-120.449041"><ele>34.75</ele></trkpt>
   <trkpt lat="34.638678" lon="-120.449039"><ele>34.75</ele></trkpt>
   <trkpt lat="34.638719" lon="-120.447723"><ele>35.5</ele></trkpt>
   <trkpt lat="34.638710" lon="-120.447251"><ele>36.0</ele></trkpt>
   <trkpt lat="34.638672" lon="-120.447066"><ele>36.0</ele></trkpt>
   <trkpt lat="34.638661" lon="-120.446916"><ele>36.0</ele></trkpt>
  </trkseg>
 </trk>
</gpx>
